1,Backpack 424,toys,54.69
2,Chair 966,garden,60.84
3,Lamp 675,books,194.36
4,Notebook 780,garden,322.90
5,Kettle 698,garden,379.11
6,Lamp 620,toys,147.60
7,Speaker 525,home,255.37
8,Chair 219,electronics,309.30
9,Lamp 711,sports,297.69
10,Speaker 758,books,34.76
11,Backpack 477,home,144.04
12,Kettle 255,garden,276.36
13,Chair 362,sports,343.93
14,Chair 471,garden,362.75
15,Kettle 871,home,454.89
16,Lamp 794,toys,260.11
17,Backpack 139,sports,469.50
18,Lamp 861,toys,475.72
19,Backpack 127,toys,373.86
20,Lamp 775,home,487.34
21,Notebook 413,home,213.69
22,Notebook 686,home,3.91
23,Kettle 715,garden,470.88
24,Speaker 585,home,147.16
25,Backpack 777,electronics,94.53
26,Speaker 737,electronics,439.29
27,Backpack 100,toys,380.02
28,Backpack 602,home,318.13
29,Speaker 522,garden,309.14
30,Lamp 413,electronics,488.21
31,Backpack 652,sports,40.02
32,Chair 570,toys,431.43
33,Kettle 664,sports,316.91
34,Speaker 372,toys,92.35
35,Backpack 986,sports,452.06
36,Lamp 610,home,397.45
37,Notebook 663,electronics,157.26
38,Speaker 812,sports,499.53
39,Chair 541,home,355.39
40,Backpack 408,home,417.54
41,Notebook 877,home,130.14
42,Backpack 399,toys,98.18
43,Notebook 319,toys,252.09
44,Speaker 792,sports,41.80
45,Speaker 313,home,194.61
46,Notebook 507,books,434.39
47,Lamp 648,electronics,105.02
48,Chair 130,garden,497.02
49,Notebook 747,books,220.17
50,Chair 594,home,321.18
51,Speaker 693,home,167.72
52,Kettle 994,electronics,75.24
53,Notebook 419,electronics,353.42
54,Lamp 612,toys,296.74
55,Kettle 183,toys,51.42
56,Chair 302,toys,10.54
57,Lamp 903,garden,353.06
58,Chair 438,books,474.47
59,Lamp 333,home,456.19
60,Chair 147,toys,392.73
61,Speaker 453,home,286.86
62,Notebook 866,home,155.26
63,Notebook 147,home,172.66
64,Speaker 595,sports,457.70
65,Lamp 618,garden,219.51
66,Notebook 730,sports,100.51
67,Lamp 692,home,212.25
68,Notebook 654,sports,169.23
69,Notebook 572,garden,281.26
70,Backpack 800,sports,467.00
71,Notebook 336,home,408.67
72,Notebook 779,sports,488.68
73,Backpack 173,electronics,437.02
74,Kettle 416,sports,461.18
75,Chair 624,home,79.31
76,Notebook 311,home,23.11
77,Speaker 185,books,360.61
78,Chair 809,toys,344.09
79,Speaker 727,sports,472.01
80,Backpack 709,electronics,236.90
81,Notebook 869,home,226.05
82,Notebook 138,home,113.57
83,Backpack 888,books,260.27
84,Lamp 271,sports,274.18
85,Backpack 135,books,1.73
86,Kettle 546,books,229.39
87,Notebook 635,toys,260.82
88,Chair 180,sports,424.63
89,Notebook 157,sports,77.31
90,Notebook 177,garden,217.20
91,Kettle 535,electronics,323.94
92,Lamp 773,toys,189.42
93,Speaker 660,sports,133.53
94,Chair 477,sports,472.65
95,Backpack 388,garden,39.12
96,Chair 563,garden,300.33
97,Kettle 320,toys,225.73
98,Notebook 866,books,185.25
99,Lamp 827,sports,66.77
100,Lamp 525,sports,43.52
101,Chair 111,books,435.88
102,Lamp 164,garden,160.20
103,Notebook 656,home,154.15
104,Lamp 487,sports,403.20
105,Kettle 175,home,375.22
106,Kettle 794,toys,343.00
107,Notebook 262,home,392.64
108,Speaker 959,home,364.48
109,Kettle 776,toys,323.26
110,Chair 367,home,275.79
111,Speaker 497,sports,46.50
112,Backpack 621,books,19.99
113,Lamp 733,electronics,435.26
114,Notebook 114,home,380.61
115,Notebook 200,toys,66.41
116,Notebook 883,garden,207.96
117,Notebook 179,books,79.52
118,Lamp 418,home,485.46
119,Chair 761,home,386.75
120,Speaker 221,sports,137.30
121,Notebook 951,home,231.73
122,Chair 210,books,400.95
123,Lamp 325,garden,476.11
124,Speaker 859,home,109.70
125,Lamp 812,home,160.68
126,Kettle 198,garden,23.58
127,Lamp 379,home,96.97
128,Speaker 890,electronics,87.21
129,Lamp 331,electronics,102.82
130,Chair 950,toys,246.25
131,Chair 535,books,330.51
132,Lamp 172,sports,356.35
133,Speaker 913,electronics,443.29
134,Speaker 555,home,488.72
135,Lamp 786,electronics,229.61
136,Speaker 311,garden,478.77
137,Lamp 215,toys,265.63
138,Chair 940,electronics,84.51
139,Speaker 867,toys,370.32
140,Speaker 244,toys,375.75
141,Kettle 135,sports,422.51
142,Speaker 343,toys,232.20
143,Kettle 660,books,55.03
144,Chair 545,electronics,7.98
145,Backpack 881,home,399.35
146,Notebook 427,home,167.40
147,Chair 535,garden,307.50
148,Backpack 652,sports,358.45
149,Notebook 123,home,77.54
150,Notebook 925,electronics,427.90
151,Kettle 646,books,98.35
152,Kettle 203,sports,444.80
153,Chair 742,books,471.12
154,Kettle 945,sports,81.93
155,Kettle 690,toys,187.78
156,Chair 546,toys,381.27
157,Speaker 675,toys,75.76
158,Backpack 686,books,494.18
159,Lamp 480,electronics,240.80
160,Notebook 727,toys,268.51
161,Speaker 362,books,476.12
162,Speaker 942,electronics,468.42
163,Backpack 938,home,248.49
164,Notebook 685,electronics,65.30
165,Backpack 949,electronics,136.85
166,Notebook 264,electronics,92.95
167,Speaker 199,sports,410.56
168,Speaker 418,books,42.24
169,Backpack 965,sports,472.14
170,Speaker 422,garden,129.21
171,Notebook 647,home,22.89
172,Lamp 966,sports,198.56
173,Chair 158,garden,484.63
174,Notebook 750,toys,403.75
175,Notebook 660,home,218.89
176,Backpack 911,electronics,269.92
177,Kettle 546,books,280.45
178,Chair 340,electronics,105.02
179,Lamp 396,garden,387.20
180,Kettle 502,books,326.24
181,Backpack 293,garden,37.42
182,Backpack 373,home,18.16
183,Notebook 723,electronics,474.18
184,Kettle 993,books,478.22
185,Backpack 160,sports,305.56
186,Notebook 976,toys,207.73
187,Chair 325,toys,483.10
188,Backpack 264,home,409.66
189,Kettle 468,books,236.40
190,Notebook 874,toys,85.79
191,Lamp 289,books,315.67
192,Lamp 149,electronics,345.25
193,Backpack 215,electronics,332.79
194,Speaker 387,books,213.36
195,Kettle 702,garden,435.13
196,Backpack 921,electronics,373.79
197,Backpack 533,garden,197.28
198,Kettle 452,toys,217.34
199,Speaker 842,garden,441.75
200,Lamp 152,garden,424.45
201,Chair 679,books,447.20
202,Backpack 487,sports,78.58
203,Kettle 761,home,114.34
204,Kettle 976,toys,215.27
205,Speaker 726,toys,372.78
206,Chair 404,books,235.18
207,Backpack 311,books,74.64
208,Backpack 736,toys,337.29
209,Speaker 891,toys,124.99
210,Speaker 916,garden,91.67
211,Speaker 161,sports,211.25
212,Speaker 593,sports,241.63
213,Lamp 556,garden,149.49
214,Lamp 334,electronics,426.10
215,Backpack 981,toys,333.85
216,Lamp 920,sports,167.52
217,Notebook 222,toys,28.05
218,Notebook 533,books,495.89
219,Kettle 292,toys,345.50
220,Backpack 407,books,160.98
221,Chair 833,home,113.27
222,Notebook 128,sports,348.02
223,Backpack 529,books,61.96
224,Speaker 408,books,382.59
225,Speaker 324,garden,140.21
226,Chair 963,toys,443.85
227,Backpack 847,electronics,399.79
228,Speaker 130,home,353.45
229,Lamp 605,garden,321.95
230,Chair 409,garden,332.68
231,Chair 804,garden,388.05
232,Speaker 597,home,333.66
233,Backpack 156,home,389.97
234,Notebook 186,books,277.37
235,Lamp 694,home,22.58
236,Kettle 386,home,475.61
237,Kettle 810,garden,474.88
238,Kettle 897,home,404.17
239,Backpack 884,electronics,332.83
240,Notebook 911,electronics,384.60
241,Kettle 750,sports,23.36
242,Backpack 955,toys,50.90
243,Kettle 188,electronics,80.12
244,Backpack 291,books,322.09
245,Kettle 141,garden,166.00
246,Speaker 773,garden,191.26
247,Backpack 394,garden,180.81
248,Notebook 141,garden,444.56
249,Notebook 324,home,347.46
250,Lamp 630,home,64.41
251,Backpack 935,books,22.37
252,Kettle 472,toys,231.79
253,Chair 373,sports,359.23
254,Speaker 290,books,207.43
255,Speaker 394,sports,180.81
256,Backpack 895,garden,361.68
257,Lamp 437,toys,440.57
258,Chair 956,electronics,132.20
259,Backpack 740,garden,418.12
260,Lamp 261,toys,373.92
261,Lamp 860,books,129.41
262,Speaker 752,electronics,372.47
263,Kettle 879,home,117.15
264,Kettle 337,home,439.51
265,Speaker 637,garden,429.12
266,Backpack 343,electronics,374.17
267,Chair 440,toys,482.69
268,Notebook 241,garden,34.68
269,Notebook 109,home,127.60
270,Kettle 955,home,192.11
271,Backpack 879,books,420.46
272,Notebook 788,sports,390.70
273,Backpack 940,toys,63.55
274,Notebook 314,electronics,368.16
275,Backpack 134,home,484.86
276,Lamp 592,books,49.79
277,Backpack 534,toys,454.30
278,Chair 959,garden,121.88
279,Chair 890,sports,451.78
280,Backpack 496,electronics,227.23
281,Speaker 169,electronics,388.73
282,Notebook 329,electronics,276.49
283,Chair 805,electronics,74.63
284,Speaker 165,electronics,413.18
285,Speaker 735,home,9.80
286,Notebook 466,sports,168.71
287,Notebook 137,toys,267.91
288,Backpack 365,electronics,130.09
289,Kettle 288,sports,16.15
290,Chair 877,home,31.15
291,Lamp 923,toys,352.20
292,Lamp 423,toys,143.92
293,Backpack 986,books,145.66
294,Backpack 758,home,121.68
295,Notebook 865,garden,94.73
296,Chair 292,electronics,369.06
297,Kettle 316,garden,80.71
298,Chair 674,sports,228.30
299,Chair 107,books,353.70
300,Kettle 329,toys,282.01
301,Notebook 224,garden,137.11
302,Notebook 267,books,353.07
303,Backpack 110,sports,227.53
304,Speaker 628,garden,471.62
305,Backpack 113,toys,94.99
306,Kettle 209,toys,73.95
307,Notebook 578,home,168.19
308,Speaker 471,home,199.30
309,Kettle 988,home,39.66
310,Lamp 954,books,284.91
311,Speaker 898,books,469.73
312,Backpack 519,electronics,56.37
313,Backpack 199,garden,259.70
314,Notebook 736,books,338.95
315,Lamp 112,sports,471.21
316,Kettle 493,toys,384.62
317,Notebook 727,garden,189.08
318,Kettle 271,toys,128.63
319,Kettle 674,toys,384.36
320,Speaker 339,home,467.19
321,Backpack 435,home,81.94
322,Notebook 892,toys,242.95
323,Chair 268,sports,340.17
324,Speaker 524,home,153.95
325,Backpack 388,garden,287.46
326,Notebook 200,books,198.33
327,Backpack 993,books,256.38
328,Speaker 232,toys,44.76
329,Lamp 706,home,71.83
330,Kettle 855,home,444.77
331,Chair 709,sports,229.45
332,Notebook 742,electronics,417.20
333,Chair 949,books,499.04
334,Backpack 219,books,93.47
335,Chair 457,electronics,164.88
336,Backpack 889,sports,426.44
337,Chair 505,garden,193.54
338,Backpack 386,books,25.16
339,Chair 420,toys,238.27
340,Kettle 582,home,113.25
341,Speaker 381,garden,343.39
342,Lamp 462,toys,152.16
343,Chair 344,home,248.12
344,Lamp 904,sports,27.50
345,Speaker 667,electronics,248.93
346,Speaker 870,electronics,98.20
347,Kettle 516,electronics,186.56
348,Backpack 290,toys,70.55
349,Kettle 257,books,54.05
350,Lamp 659,home,364.61
351,Kettle 346,books,103.87
352,Kettle 392,home,89.09
353,Kettle 174,home,257.34
354,Notebook 780,electronics,26.33
355,Notebook 426,books,407.05
356,Speaker 140,sports,417.21
357,Lamp 489,home,196.12
358,Lamp 885,garden,305.02
359,Speaker 329,books,133.76
360,Notebook 483,sports,345.66
361,Speaker 314,books,405.63
362,Chair 471,electronics,255.88
363,Kettle 738,sports,184.02
364,Chair 391,home,412.63
365,Notebook 408,books,7.86
366,Speaker 962,toys,397.70
367,Notebook 530,garden,88.11
368,Notebook 521,electronics,78.40
369,Kettle 773,electronics,30.76
370,Lamp 906,electronics,412.54
371,Speaker 769,sports,113.74
372,Chair 791,books,366.36
373,Chair 480,toys,403.85
374,Chair 662,garden,455.37
375,Speaker 862,home,461.82
376,Chair 219,books,237.85
377,Lamp 156,garden,177.79
378,Speaker 319,toys,331.03
379,Lamp 374,sports,113.52
380,Backpack 513,electronics,84.60
381,Backpack 171,sports,184.69
382,Kettle 675,sports,483.37
383,Backpack 552,toys,174.03
384,Lamp 176,electronics,428.18
385,Backpack 817,sports,58.05
386,Notebook 925,toys,401.68
387,Backpack 639,home,323.35
388,Chair 267,home,99.13
389,Speaker 591,home,341.46
390,Notebook 685,toys,188.25
391,Lamp 472,home,30.54
392,Speaker 190,sports,345.35
393,Notebook 538,books,289.75
394,Backpack 145,garden,121.34
395,Chair 663,toys,161.53
396,Backpack 127,garden,24.40
397,Backpack 749,electronics,433.45
398,Lamp 184,electronics,317.84
399,Lamp 913,electronics,282.83
400,Notebook 619,garden,379.47
401,Backpack 657,toys,242.39
402,Speaker 975,home,33.27
403,Speaker 461,home,424.76
404,Kettle 376,books,410.00
405,Lamp 396,electronics,42.54
406,Speaker 354,electronics,426.82
407,Lamp 990,home,473.39
408,Notebook 885,sports,172.11
409,Backpack 867,toys,116.05
410,Speaker 653,books,457.06
411,Chair 398,books,42.18
412,Lamp 530,toys,493.02
413,Notebook 404,sports,303.64
414,Notebook 220,electronics,390.15
415,Kettle 653,books,102.30
416,Chair 328,electronics,89.91
417,Speaker 179,sports,142.52
418,Lamp 240,garden,464.98
419,Notebook 444,garden,238.51
420,Backpack 765,home,253.66
421,Speaker 302,toys,463.05
422,Kettle 995,home,480.59
423,Notebook 744,garden,131.17
424,Speaker 449,sports,329.67
425,Backpack 945,sports,295.33
426,Backpack 550,sports,50.18
427,Kettle 814,toys,360.56
428,Lamp 930,home,297.79
429,Notebook 545,home,264.59
430,Lamp 467,toys,252.39
431,Kettle 362,toys,468.30
432,Lamp 690,sports,400.41
433,Backpack 347,electronics,425.08
434,Lamp 564,garden,24.76
435,Chair 356,books,356.60
436,Notebook 693,garden,465.93
437,Speaker 510,garden,62.28
438,Lamp 838,electronics,338.22
439,Lamp 597,books,481.44
440,Notebook 491,electronics,205.19
441,Backpack 521,books,100.42
442,Notebook 985,books,19.31
443,Backpack 414,books,473.90
444,Kettle 876,books,217.84
445,Lamp 777,electronics,446.88
446,Lamp 932,garden,148.39
447,Kettle 785,sports,379.88
448,Notebook 134,home,188.57
449,Kettle 605,books,388.96
450,Speaker 624,books,130.15
451,Notebook 250,toys,52.80
452,Kettle 275,garden,358.00
453,Lamp 145,books,273.81
454,Speaker 595,books,127.44
455,Chair 440,electronics,386.66
456,Chair 273,toys,360.95
457,Backpack 760,home,308.92
458,Speaker 891,electronics,463.32
459,Kettle 608,sports,131.68
460,Lamp 565,books,280.37
461,Notebook 756,home,423.22
462,Backpack 359,home,276.88
463,Chair 274,sports,133.42
464,Kettle 427,home,19.85
465,Speaker 507,books,158.01
466,Kettle 570,home,167.84
467,Notebook 245,home,1.82
468,Speaker 388,sports,185.05
469,Backpack 295,home,301.90
470,Lamp 569,home,311.00
471,Backpack 746,garden,25.74
472,Notebook 772,home,414.02
473,Speaker 367,home,12.16
474,Chair 141,books,443.82
475,Backpack 394,home,46.01
476,Chair 309,garden,420.29
477,Kettle 211,books,249.57
478,Chair 448,garden,165.15
479,Lamp 973,sports,199.64
480,Speaker 280,home,186.37
481,Backpack 852,garden,84.16
482,Speaker 965,home,66.94
483,Lamp 467,sports,139.16
484,Notebook 752,toys,419.52
485,Backpack 591,home,259.94
486,Kettle 556,sports,137.55
487,Chair 711,electronics,169.97
488,Speaker 645,garden,342.68
489,Backpack 425,sports,435.28
490,Backpack 460,sports,322.52
491,Kettle 696,sports,411.72
492,Kettle 286,books,466.42
493,Kettle 989,books,259.48
494,Lamp 773,toys,327.89
495,Chair 222,garden,154.25
496,Kettle 985,toys,375.71
497,Kettle 378,sports,386.99
498,Notebook 676,garden,443.29
499,Notebook 290,garden,289.97
500,Chair 442,sports,314.49
501,Lamp 836,books,52.48
502,Lamp 862,books,117.16
503,Kettle 752,garden,15.47
504,Backpack 511,sports,145.09
505,Speaker 889,toys,317.54
506,Notebook 479,electronics,473.65
507,Chair 925,books,274.21
508,Notebook 600,garden,396.91
509,Chair 831,electronics,297.08
510,Backpack 489,garden,184.77
511,Speaker 699,garden,150.44
512,Speaker 136,home,147.08
513,Kettle 838,books,365.58
514,Backpack 460,toys,19.37
515,Kettle 656,toys,261.52
516,Speaker 754,sports,86.79
517,Kettle 984,books,352.36
518,Chair 977,toys,122.53
519,Kettle 220,garden,44.46
520,Notebook 206,garden,348.17
521,Notebook 482,sports,136.41
522,Chair 117,home,450.87
523,Chair 713,electronics,149.74
524,Lamp 239,home,324.11
525,Kettle 478,sports,315.25
526,Kettle 431,home,391.70
527,Backpack 520,sports,340.91
528,Lamp 902,garden,193.72
529,Kettle 840,electronics,442.90
530,Speaker 675,home,205.44
531,Chair 208,sports,301.32
532,Chair 932,books,322.56
533,Lamp 586,toys,484.98
534,Lamp 965,toys,125.35
535,Chair 276,electronics,48.27
536,Lamp 429,toys,465.90
537,Lamp 569,garden,121.86
538,Chair 780,garden,383.26
539,Chair 869,electronics,421.43
540,Chair 533,garden,269.90
541,Speaker 572,books,19.74
542,Speaker 596,garden,2.30
543,Lamp 478,sports,496.35
544,Notebook 170,electronics,310.97
545,Speaker 587,electronics,177.29
546,Speaker 838,home,403.70
547,Kettle 191,electronics,194.53
548,Notebook 267,books,456.27
549,Kettle 981,garden,210.86
550,Chair 410,toys,237.98
551,Speaker 432,toys,338.57
552,Kettle 266,garden,350.32
553,Kettle 773,books,344.84
554,Backpack 438,garden,107.86
555,Kettle 140,sports,251.12
556,Kettle 487,sports,9.07
557,Kettle 156,toys,399.09
558,Notebook 943,home,268.81
559,Chair 803,toys,17.48
560,Chair 685,home,21.93
561,Chair 462,garden,281.36
562,Notebook 384,home,264.52
563,Chair 311,garden,257.04
564,Kettle 152,electronics,456.91
565,Speaker 151,sports,51.39
566,Notebook 598,books,24.24
567,Backpack 577,books,13.91
568,Lamp 891,sports,79.13
569,Lamp 324,books,360.76
570,Notebook 398,home,367.53
571,Speaker 248,garden,354.11
572,Notebook 367,electronics,352.94
573,Backpack 737,electronics,398.73
574,Backpack 767,garden,415.77
575,Speaker 496,garden,196.88
576,Notebook 628,home,223.28
577,Kettle 551,home,55.07
578,Chair 790,books,449.09
579,Chair 316,electronics,112.09
580,Speaker 447,books,341.54
581,Speaker 894,garden,55.92
582,Backpack 212,home,137.10
583,Lamp 940,home,332.79
584,Notebook 359,books,83.96
585,Notebook 662,home,180.55
586,Chair 746,toys,118.03
587,Speaker 332,sports,107.04
588,Notebook 581,toys,26.36
589,Chair 541,sports,14.85
590,Kettle 580,books,367.49
591,Lamp 524,toys,400.03
592,Notebook 483,electronics,397.06
593,Speaker 743,sports,211.88
594,Backpack 644,home,297.65
595,Chair 487,sports,58.66
596,Chair 554,electronics,374.63
597,Speaker 851,sports,54.29
598,Backpack 984,books,477.07
599,Chair 493,books,484.81
600,Kettle 193,toys,306.94
601,Chair 574,toys,263.78
602,Backpack 863,sports,113.12
603,Backpack 307,garden,397.06
604,Kettle 438,home,261.52
605,Backpack 851,electronics,466.61
606,Lamp 633,home,309.84
607,Kettle 639,home,290.81
608,Speaker 464,books,214.43
609,Speaker 691,toys,181.90
610,Notebook 513,garden,156.82
611,Notebook 643,home,449.59
612,Speaker 872,electronics,142.63
613,Backpack 655,books,412.62
614,Speaker 785,toys,289.98
615,Notebook 186,books,180.44
616,Notebook 370,home,470.46
617,Speaker 587,sports,163.10
618,Chair 580,sports,151.91
619,Chair 320,toys,171.57
620,Speaker 782,home,25.35
621,Chair 193,home,368.96
622,Chair 584,home,299.85
623,Chair 409,books,198.07
624,Notebook 736,garden,175.50
625,Notebook 125,sports,398.26
626,Kettle 277,sports,439.37
627,Chair 411,books,3.88
628,Backpack 953,books,153.21
629,Speaker 888,garden,125.82
630,Speaker 866,home,228.23
631,Backpack 819,books,28.79
632,Notebook 699,garden,123.92
633,Chair 825,sports,385.99
634,Lamp 890,home,292.94
635,Lamp 747,sports,403.55
636,Lamp 762,sports,34.54
637,Chair 915,electronics,236.22
638,Lamp 902,toys,492.64
639,Chair 285,electronics,454.28
640,Backpack 862,home,368.09
641,Notebook 482,toys,370.79
642,Notebook 456,toys,22.39
643,Speaker 155,garden,486.86
644,Kettle 897,garden,374.15
645,Speaker 284,books,39.73
646,Backpack 374,garden,424.09
647,Notebook 851,garden,372.37
648,Kettle 586,books,157.72
649,Kettle 892,books,89.16
650,Backpack 418,sports,336.37
651,Notebook 139,electronics,164.62
652,Lamp 111,home,114.80
653,Notebook 640,books,436.81
654,Chair 736,electronics,344.03
655,Kettle 179,toys,217.51
656,Lamp 731,sports,101.36
657,Chair 649,electronics,146.55
658,Lamp 489,books,374.22
659,Backpack 404,toys,320.07
660,Speaker 877,toys,195.53
661,Notebook 268,sports,392.82
662,Lamp 790,electronics,277.63
663,Backpack 423,sports,400.82
664,Notebook 564,books,30.02
665,Chair 147,garden,232.89
666,Notebook 420,electronics,376.78
667,Speaker 647,toys,291.47
668,Kettle 476,toys,71.72
669,Backpack 855,home,412.47
670,Kettle 450,books,310.01
671,Speaker 969,books,353.63
672,Notebook 257,books,169.67
673,Lamp 779,garden,1.82
674,Backpack 309,books,139.73
675,Kettle 813,home,467.88
676,Kettle 479,electronics,473.51
677,Notebook 687,toys,108.92
678,Chair 635,garden,395.84
679,Kettle 689,home,339.42
680,Backpack 588,sports,240.63
681,Kettle 569,books,161.00
682,Lamp 552,electronics,180.16
683,Backpack 724,sports,54.69
684,Chair 696,sports,5.82
685,Kettle 783,home,297.95
686,Backpack 867,sports,381.95
687,Kettle 697,home,35.60
688,Kettle 870,toys,264.66
689,Kettle 702,toys,326.98
690,Chair 395,books,326.43
691,Backpack 930,books,313.71
692,Notebook 372,sports,92.85
693,Speaker 281,home,419.58
694,Backpack 466,toys,213.61
695,Lamp 365,sports,11.36
696,Lamp 237,books,77.98
697,Notebook 780,books,491.74
698,Backpack 425,electronics,21.21
699,Chair 247,books,155.22
700,Speaker 514,sports,29.91
701,Backpack 206,sports,53.69
702,Speaker 190,books,388.95
703,Backpack 973,toys,261.27
704,Backpack 406,electronics,198.29
705,Lamp 240,home,476.83
706,Kettle 347,garden,300.83
707,Backpack 308,garden,277.41
708,Backpack 973,toys,15.62
709,Chair 115,sports,174.52
710,Backpack 882,garden,26.64
711,Backpack 516,garden,354.04
712,Kettle 470,toys,92.42
713,Lamp 726,garden,11.94
714,Lamp 698,sports,71.06
715,Backpack 520,electronics,348.40
716,Kettle 368,electronics,206.41
717,Kettle 712,sports,119.98
718,Lamp 422,toys,182.63
719,Backpack 719,sports,78.86
720,Lamp 838,sports,310.40
721,Backpack 512,garden,202.09
722,Backpack 595,electronics,245.95
723,Speaker 960,books,463.68
724,Kettle 485,books,320.57
725,Lamp 465,electronics,89.34
726,Kettle 787,electronics,306.00
727,Lamp 350,garden,472.12
728,Notebook 567,sports,403.15
729,Speaker 487,electronics,212.97
730,Backpack 606,sports,281.76
731,Lamp 388,books,85.26
732,Lamp 752,garden,222.88
733,Lamp 845,books,233.21
734,Speaker 123,toys,474.11
735,Kettle 538,toys,423.53
736,Notebook 580,toys,89.53
737,Speaker 538,electronics,76.60
738,Backpack 321,electronics,296.72
739,Backpack 350,toys,148.97
740,Lamp 740,home,426.58
741,Notebook 890,toys,97.33
742,Backpack 124,sports,201.98
743,Notebook 204,garden,392.60
744,Chair 718,garden,437.91
745,Chair 964,electronics,48.11
746,Notebook 216,books,383.59
747,Notebook 222,toys,151.40
748,Chair 364,electronics,374.10
749,Backpack 791,toys,203.80
750,Backpack 897,books,248.40
751,Lamp 878,books,259.80
752,Speaker 626,electronics,446.41
753,Backpack 873,garden,169.37
754,Speaker 414,sports,296.61
755,Kettle 175,toys,273.65
756,Backpack 872,electronics,188.66
757,Speaker 573,home,443.04
758,Notebook 357,sports,412.90
759,Lamp 150,books,181.23
760,Notebook 988,sports,303.31
761,Lamp 939,books,497.39
762,Backpack 722,sports,492.63
763,Speaker 436,garden,292.91
764,Speaker 790,books,249.32
765,Chair 208,garden,325.70
766,Notebook 778,garden,56.79
767,Speaker 414,garden,466.26
768,Speaker 112,garden,144.05
769,Speaker 433,garden,385.46
770,Speaker 557,toys,305.31
771,Speaker 823,home,176.06
772,Speaker 843,sports,86.57
773,Speaker 432,books,326.05
774,Kettle 643,garden,180.46
775,Kettle 733,sports,485.99
776,Speaker 833,books,169.52
777,Speaker 825,sports,190.00
778,Backpack 208,electronics,355.74
779,Chair 762,home,123.53
780,Chair 556,sports,169.92
781,Backpack 374,garden,248.84
782,Kettle 682,sports,282.10
783,Speaker 895,books,210.66
784,Speaker 670,sports,463.77
785,Kettle 978,sports,486.68
786,Backpack 135,garden,491.67
787,Backpack 797,sports,298.31
788,Kettle 391,books,341.25
789,Speaker 453,electronics,119.99
790,Kettle 104,books,184.71
791,Chair 599,home,415.28
792,Chair 442,garden,387.97
793,Chair 228,books,251.84
794,Lamp 273,garden,382.86
795,Backpack 621,garden,93.44
796,Chair 381,home,79.32
797,Chair 732,garden,400.80
798,Chair 573,sports,294.05
799,Lamp 303,home,404.68
800,Backpack 172,sports,451.53
801,Kettle 583,garden,58.40
802,Backpack 270,garden,368.65
803,Speaker 852,toys,26.51
804,Chair 505,sports,499.14
805,Kettle 499,sports,426.10
806,Lamp 512,toys,353.76
807,Lamp 171,sports,379.53
808,Speaker 345,books,211.78
809,Lamp 993,toys,58.72
810,Kettle 969,sports,125.26
811,Backpack 189,books,128.53
812,Notebook 876,books,20.60
813,Notebook 629,electronics,98.71
814,Backpack 416,sports,33.07
815,Lamp 292,home,299.65
816,Chair 284,toys,89.50
817,Notebook 139,sports,195.40
818,Chair 864,sports,435.54
819,Chair 466,home,75.11
820,Backpack 259,electronics,281.91
821,Notebook 493,books,93.47
822,Lamp 807,electronics,205.06
823,Kettle 116,sports,472.83
824,Backpack 752,electronics,460.08
825,Lamp 847,books,95.21
826,Speaker 236,books,168.52
827,Speaker 944,garden,16.75
828,Backpack 918,electronics,165.08
829,Backpack 556,sports,324.59
830,Lamp 379,electronics,85.77
831,Notebook 429,books,377.06
832,Notebook 685,books,97.24
833,Backpack 714,home,477.94
834,Backpack 173,toys,78.06
835,Speaker 636,sports,52.54
836,Speaker 589,toys,490.20
837,Speaker 815,toys,196.52
838,Chair 330,garden,254.57
839,Backpack 960,home,50.90
840,Backpack 876,home,389.65
841,Speaker 195,toys,397.96
842,Backpack 165,garden,348.87
843,Kettle 975,toys,145.56
844,Speaker 473,electronics,347.31
845,Notebook 497,books,116.86
846,Lamp 126,sports,32.89
847,Chair 261,home,393.22
848,Speaker 199,garden,115.48
849,Lamp 129,sports,223.68
850,Speaker 918,electronics,322.22
851,Lamp 146,toys,153.07
852,Backpack 379,books,179.52
853,Speaker 125,home,93.79
854,Backpack 995,toys,360.59
855,Kettle 632,toys,200.08
856,Notebook 738,garden,318.06
857,Chair 639,home,212.46
858,Notebook 683,electronics,223.47
859,Kettle 669,toys,179.31
860,Speaker 677,home,450.66
861,Chair 579,home,258.73
862,Speaker 126,home,63.53
863,Notebook 538,electronics,490.63
864,Lamp 780,electronics,266.40
865,Chair 781,sports,238.14
866,Kettle 774,sports,21.01
867,Chair 224,toys,84.47
868,Kettle 662,toys,261.37
869,Notebook 924,electronics,340.45
870,Notebook 276,home,77.85
871,Notebook 365,sports,84.87
872,Chair 577,electronics,74.58
873,Notebook 704,electronics,46.41
874,Speaker 596,toys,231.00
875,Chair 438,toys,207.98
876,Speaker 550,garden,363.28
877,Notebook 424,sports,42.33
878,Lamp 786,electronics,22.14
879,Lamp 154,sports,405.91
880,Speaker 147,garden,147.45
881,Speaker 253,books,169.32
882,Backpack 436,home,160.30
883,Notebook 666,toys,181.96
884,Chair 337,electronics,21.61
885,Lamp 124,sports,286.01
886,Notebook 156,toys,470.71
887,Notebook 387,garden,76.48
888,Speaker 172,toys,69.51
889,Kettle 753,home,270.68
890,Notebook 159,books,38.29
891,Speaker 690,garden,132.10
892,Kettle 185,garden,155.51
893,Speaker 447,home,315.01
894,Speaker 619,garden,237.75
895,Speaker 790,sports,388.44
896,Lamp 805,electronics,338.62
897,Notebook 804,home,182.41
898,Chair 829,toys,406.48
899,Notebook 737,electronics,447.67
900,Lamp 515,sports,386.44
901,Kettle 578,electronics,490.44
902,Lamp 780,electronics,361.37
903,Chair 714,books,59.95
904,Chair 118,toys,467.61
905,Kettle 364,garden,376.93
906,Backpack 603,books,24.00
907,Speaker 400,home,95.90
908,Kettle 187,sports,222.34
909,Backpack 604,books,492.87
910,Notebook 174,home,450.38
911,Kettle 938,home,258.37
912,Backpack 998,books,355.84
913,Backpack 267,garden,98.40
914,Speaker 498,garden,145.06
915,Lamp 946,books,422.13
916,Lamp 435,sports,156.75
917,Kettle 886,books,18.75
918,Kettle 573,toys,326.03
919,Backpack 500,electronics,35.42
920,Lamp 242,electronics,16.46
921,Speaker 836,sports,144.70
922,Backpack 637,sports,366.28
923,Chair 134,books,210.10
924,Lamp 576,toys,446.93
925,Backpack 582,home,107.99
926,Kettle 132,books,102.29
927,Chair 260,home,51.30
928,Backpack 299,toys,230.01
929,Kettle 555,electronics,71.00
930,Speaker 849,home,303.62
931,Notebook 450,sports,72.13
932,Lamp 830,electronics,1.04
933,Notebook 199,toys,237.84
934,Speaker 857,home,401.52
935,Chair 329,sports,177.68
936,Notebook 441,sports,279.19
937,Speaker 869,garden,24.69
938,Notebook 217,home,355.85
939,Backpack 509,sports,286.85
940,Chair 373,toys,158.88
941,Backpack 510,garden,324.50
942,Backpack 720,books,458.16
943,Chair 690,garden,472.56
944,Speaker 884,electronics,264.89
945,Speaker 484,books,496.39
946,Chair 968,garden,121.56
947,Notebook 806,garden,297.88
948,Lamp 544,home,294.88
949,Backpack 282,sports,321.33
950,Kettle 576,home,356.47
951,Chair 244,toys,483.67
952,Backpack 690,books,77.29
953,Chair 971,toys,137.27
954,Lamp 599,garden,490.96
955,Speaker 924,sports,300.70
956,Chair 643,books,194.53
957,Backpack 562,sports,168.80
958,Backpack 297,books,239.80
959,Chair 547,toys,18.53
960,Kettle 582,garden,179.43
961,Kettle 732,garden,394.44
962,Kettle 853,books,201.52
963,Kettle 270,toys,179.15
964,Speaker 296,home,291.71
965,Chair 142,electronics,398.80
966,Chair 760,toys,329.88
967,Kettle 106,sports,479.13
968,Lamp 419,garden,131.07
969,Lamp 523,garden,183.98
970,Backpack 478,garden,465.63
971,Notebook 839,home,355.71
972,Chair 723,sports,134.78
973,Speaker 564,toys,362.32
974,Lamp 851,home,244.47
975,Chair 951,electronics,152.04
976,Lamp 926,electronics,455.66
977,Backpack 791,electronics,389.56
978,Chair 658,electronics,311.21
979,Kettle 985,toys,55.50
980,Kettle 533,books,49.03
981,Lamp 976,garden,275.39
982,Kettle 287,toys,329.86
983,Chair 733,electronics,39.15
984,Lamp 474,toys,361.76
985,Chair 237,home,303.48
986,Lamp 315,books,153.75
987,Notebook 577,books,263.17
988,Lamp 148,home,461.97
989,Chair 254,toys,43.45
990,Notebook 259,garden,480.11
991,Backpack 428,garden,168.09
992,Kettle 561,electronics,493.70
993,Notebook 756,garden,336.53
994,Kettle 422,garden,413.70
995,Chair 945,electronics,108.78
996,Backpack 868,electronics,232.07
997,Speaker 113,electronics,133.28
998,Chair 913,electronics,55.97
999,Kettle 778,sports,348.15
1000,Backpack 558,garden,308.20
1001,Speaker 145,books,143.84
1002,Notebook 999,home,489.08
1003,Backpack 911,electronics,68.72
1004,Speaker 117,books,373.56
1005,Kettle 749,sports,253.05
1006,Backpack 783,electronics,420.68
1007,Notebook 902,garden,338.97
1008,Backpack 668,home,284.67
1009,Notebook 649,home,137.78
1010,Kettle 613,home,218.08
1011,Backpack 639,garden,38.63
1012,Chair 715,toys,446.31
1013,Kettle 673,home,453.70
1014,Speaker 483,toys,90.36
1015,Notebook 617,garden,274.37
1016,Speaker 190,toys,323.62
1017,Chair 461,toys,46.97
1018,Lamp 973,garden,36.70
1019,Speaker 981,books,5.23
1020,Backpack 263,sports,345.77
1021,Chair 331,books,2.36
1022,Notebook 223,garden,173.27
1023,Speaker 277,electronics,277.38
1024,Backpack 354,home,145.11
1025,Kettle 290,electronics,485.10
1026,Lamp 495,sports,70.84
1027,Lamp 883,books,298.79
1028,Notebook 952,garden,354.96
1029,Chair 575,garden,351.83
1030,Backpack 786,books,46.53
1031,Backpack 830,books,157.76
1032,Kettle 434,toys,245.14
1033,Backpack 781,toys,474.71
1034,Speaker 540,books,330.25
1035,Backpack 613,garden,118.95
1036,Backpack 909,toys,297.33
1037,Backpack 500,electronics,81.16
1038,Kettle 966,sports,128.39
1039,Notebook 700,garden,407.26
1040,Speaker 140,sports,2.84
1041,Chair 528,toys,58.92
1042,Speaker 121,sports,164.32
1043,Lamp 585,toys,264.23
1044,Kettle 459,electronics,89.08
1045,Lamp 650,electronics,358.37
1046,Kettle 413,sports,14.14
1047,Kettle 450,books,214.97
1048,Speaker 810,books,122.41
1049,Lamp 581,toys,140.52
1050,Chair 956,toys,204.31
1051,Backpack 901,home,340.88
1052,Backpack 874,electronics,89.85
1053,Chair 362,electronics,491.63
1054,Speaker 587,toys,285.27
1055,Kettle 823,books,394.89
1056,Chair 373,electronics,255.12
1057,Speaker 351,toys,32.83
1058,Notebook 318,books,395.94
1059,Lamp 514,home,142.86
1060,Lamp 863,sports,362.56
1061,Notebook 203,home,336.89
1062,Backpack 924,sports,202.42
1063,Lamp 855,sports,444.82
1064,Speaker 618,sports,230.52
1065,Chair 958,toys,408.38
1066,Speaker 229,sports,11.96
1067,Backpack 499,home,240.38
1068,Notebook 982,toys,382.06
1069,Lamp 585,toys,64.42
1070,Speaker 441,garden,293.32
1071,Chair 105,garden,233.03
1072,Backpack 854,electronics,450.12
1073,Speaker 964,sports,298.59
1074,Kettle 682,books,42.37
1075,Lamp 606,toys,249.16
1076,Kettle 527,books,128.97
1077,Speaker 691,books,109.59
1078,Backpack 257,sports,83.50
1079,Notebook 326,electronics,306.15
1080,Backpack 638,toys,51.12
1081,Chair 701,electronics,323.78
1082,Backpack 270,sports,395.66
1083,Speaker 701,sports,469.37
1084,Notebook 336,electronics,349.94
1085,Chair 797,sports,137.33
1086,Backpack 182,home,453.59
1087,Kettle 122,garden,300.88
1088,Lamp 575,garden,213.07
1089,Lamp 501,books,475.86
1090,Kettle 591,books,100.86
1091,Chair 135,sports,260.34
1092,Speaker 578,garden,35.17
1093,Notebook 789,garden,487.76
1094,Kettle 307,home,423.02
1095,Notebook 259,sports,481.67
1096,Kettle 972,electronics,463.50
1097,Lamp 875,home,460.94
1098,Notebook 988,books,108.55
1099,Notebook 266,toys,452.79
1100,Backpack 704,books,135.91
1101,Kettle 568,garden,393.73
1102,Chair 908,toys,263.37
1103,Speaker 141,electronics,234.11
1104,Lamp 825,home,239.07
1105,Chair 976,sports,385.58
1106,Chair 618,electronics,196.09
1107,Chair 214,toys,222.32
1108,Speaker 248,books,482.49
1109,Backpack 190,books,118.75
1110,Kettle 284,books,309.00
1111,Backpack 224,books,99.95
1112,Notebook 820,electronics,444.03
1113,Lamp 169,books,269.66
1114,Speaker 242,books,124.89
1115,Chair 643,toys,248.13
1116,Backpack 616,toys,91.72
1117,Kettle 259,sports,488.71
1118,Speaker 439,home,196.23
1119,Chair 645,home,183.30
1120,Chair 404,sports,225.94
1121,Lamp 683,home,41.17
1122,Speaker 623,toys,109.48
1123,Kettle 430,home,203.07
1124,Chair 101,sports,405.21
1125,Lamp 886,toys,65.43
1126,Kettle 447,garden,202.33
1127,Backpack 666,books,252.17
1128,Backpack 915,home,431.08
1129,Backpack 316,electronics,323.01
1130,Kettle 417,home,452.18
1131,Notebook 417,sports,365.02
1132,Backpack 120,electronics,66.92
1133,Speaker 702,electronics,373.67
1134,Kettle 355,garden,291.30
1135,Backpack 636,books,420.63
1136,Notebook 870,electronics,121.53
1137,Speaker 930,garden,445.85
1138,Backpack 755,garden,266.09
1139,Lamp 774,sports,361.00
1140,Speaker 177,toys,328.41
1141,Chair 541,books,85.82
1142,Backpack 633,sports,171.49
1143,Kettle 581,home,205.04
1144,Notebook 294,garden,289.90
1145,Speaker 292,toys,79.30
1146,Speaker 299,garden,42.25
1147,Speaker 582,electronics,258.50
1148,Backpack 177,garden,89.17
1149,Notebook 994,toys,319.23
1150,Backpack 857,home,485.36
1151,Chair 858,books,107.09
1152,Notebook 929,books,279.14
1153,Speaker 385,electronics,461.15
1154,Lamp 821,toys,285.33
1155,Lamp 580,garden,126.13
1156,Chair 604,garden,213.60
1157,Notebook 310,sports,119.24
1158,Kettle 499,home,80.37
1159,Backpack 730,home,275.11
1160,Backpack 757,books,230.13
1161,Speaker 509,sports,276.77
1162,Notebook 353,electronics,315.94
1163,Notebook 595,garden,388.70
1164,Chair 738,garden,415.02
1165,Notebook 845,electronics,86.00
1166,Chair 996,electronics,421.54
1167,Kettle 306,books,84.09
1168,Kettle 301,sports,212.38
1169,Backpack 448,toys,243.23
1170,Kettle 165,home,178.14
1171,Kettle 556,home,204.45
1172,Kettle 873,books,361.36
1173,Speaker 109,toys,348.99
1174,Kettle 754,sports,164.40
1175,Lamp 602,home,152.63
1176,Chair 713,books,15.57
1177,Chair 530,sports,231.77
1178,Chair 208,home,425.09
1179,Chair 757,toys,471.44
1180,Kettle 386,electronics,302.88
1181,Notebook 858,sports,195.77
1182,Chair 335,sports,40.51
1183,Notebook 312,sports,260.02
1184,Backpack 501,electronics,119.57
1185,Lamp 558,electronics,24.00
1186,Chair 156,toys,241.42
1187,Chair 447,toys,57.28
1188,Chair 996,home,197.93
1189,Backpack 909,garden,271.54
1190,Backpack 655,electronics,325.14
1191,Kettle 375,garden,371.24
1192,Lamp 897,garden,152.31
1193,Lamp 517,home,21.24
1194,Notebook 579,home,353.98
1195,Speaker 731,books,29.60
1196,Kettle 411,garden,5.23
1197,Speaker 966,electronics,367.07
1198,Notebook 796,electronics,295.10
1199,Kettle 918,sports,205.26
1200,Chair 410,electronics,319.78
1201,Notebook 661,toys,175.30
1202,Lamp 744,toys,93.82
1203,Speaker 756,books,178.80
1204,Speaker 135,electronics,216.84
1205,Backpack 797,home,373.48
1206,Notebook 626,home,336.94
1207,Chair 588,home,474.55
1208,Backpack 484,home,81.74
1209,Chair 181,sports,399.04
1210,Notebook 247,books,72.59
1211,Notebook 852,electronics,430.22
1212,Backpack 789,books,83.31
1213,Kettle 735,toys,284.17
1214,Backpack 124,toys,22.34
1215,Notebook 597,books,284.22
1216,Kettle 775,sports,381.07
1217,Speaker 963,garden,330.27
1218,Kettle 989,books,495.14
1219,Speaker 196,home,230.26
1220,Lamp 528,toys,450.08
1221,Kettle 749,sports,427.03
1222,Speaker 619,electronics,210.93
1223,Backpack 925,sports,163.97
1224,Notebook 622,sports,439.25
1225,Kettle 652,home,18.78
1226,Lamp 287,home,10.95
1227,Backpack 401,home,440.32
1228,Notebook 662,books,155.90
1229,Notebook 222,garden,58.39
1230,Chair 277,electronics,56.78
1231,Lamp 610,sports,102.77
1232,Kettle 413,electronics,199.68
1233,Speaker 622,electronics,363.80
1234,Backpack 606,garden,374.80
1235,Kettle 841,home,353.08
1236,Backpack 291,books,186.01
1237,Notebook 287,books,326.07
1238,Speaker 115,books,453.53
1239,Notebook 115,sports,78.12
1240,Notebook 427,home,19.03
1241,Kettle 593,sports,103.78
1242,Notebook 153,garden,363.00
1243,Chair 429,electronics,16.34
1244,Chair 781,toys,481.30
1245,Lamp 816,electronics,285.28
1246,Kettle 369,books,344.29
1247,Chair 603,electronics,111.10
1248,Speaker 440,toys,133.76
1249,Speaker 806,electronics,47.74
1250,Speaker 403,electronics,289.93
1251,Lamp 942,books,153.33
1252,Notebook 793,home,13.89
1253,Chair 818,home,496.60
1254,Speaker 483,garden,32.84
1255,Lamp 690,sports,59.15
1256,Backpack 390,electronics,424.43
1257,Chair 502,books,248.63
1258,Lamp 734,home,41.61
1259,Chair 115,electronics,306.81
1260,Speaker 938,garden,395.69
1261,Speaker 184,home,31.24
1262,Chair 594,electronics,424.79
1263,Notebook 157,electronics,413.65
1264,Notebook 742,home,398.25
1265,Notebook 191,books,287.81
1266,Lamp 475,garden,33.10
1267,Notebook 394,home,214.52
1268,Backpack 455,sports,424.12
1269,Lamp 940,garden,300.12
1270,Chair 539,home,139.70
1271,Lamp 662,home,48.25
1272,Lamp 480,books,416.81
1273,Backpack 866,electronics,158.06
1274,Notebook 519,sports,66.57
1275,Speaker 263,home,172.76
1276,Chair 110,electronics,273.80
1277,Kettle 604,garden,444.40
1278,Kettle 601,garden,237.35
1279,Kettle 614,sports,462.75
1280,Notebook 659,garden,424.90
1281,Lamp 913,toys,363.70
1282,Notebook 390,electronics,141.17
1283,Speaker 732,toys,101.49
1284,Lamp 883,books,307.02
1285,Lamp 202,sports,331.82
1286,Notebook 293,garden,285.67
1287,Notebook 373,home,322.11
1288,Chair 844,home,37.35
1289,Kettle 100,home,456.06
1290,Notebook 809,toys,438.19
1291,Lamp 850,toys,398.90
1292,Backpack 715,home,495.77
1293,Backpack 980,home,267.04
1294,Chair 146,home,99.88
1295,Lamp 721,home,468.32
1296,Kettle 322,toys,4.69
1297,Notebook 152,books,97.04
1298,Notebook 887,sports,165.82
1299,Kettle 579,garden,295.40
1300,Kettle 237,books,310.55
1301,Notebook 935,books,443.14
1302,Lamp 229,electronics,134.87
1303,Kettle 823,sports,183.49
1304,Kettle 567,books,149.99
1305,Lamp 489,home,387.67
1306,Speaker 935,home,330.47
1307,Backpack 996,books,419.74
1308,Lamp 242,electronics,276.48
1309,Chair 475,garden,73.77
1310,Lamp 655,home,409.35
1311,Speaker 651,home,289.75
1312,Speaker 317,electronics,93.19
1313,Chair 380,toys,224.14
1314,Chair 415,home,257.96
1315,Speaker 942,sports,87.37
1316,Speaker 691,home,457.17
1317,Notebook 294,sports,195.45
1318,Chair 940,home,224.80
1319,Backpack 367,toys,313.05
1320,Lamp 308,electronics,22.54
1321,Kettle 549,garden,118.20
1322,Lamp 539,electronics,286.48
1323,Kettle 338,sports,137.42
1324,Lamp 419,books,19.98
1325,Kettle 530,books,335.72
1326,Notebook 180,sports,349.45
1327,Kettle 424,home,23.18
1328,Notebook 903,toys,131.93
1329,Speaker 566,garden,396.11
1330,Kettle 472,toys,382.79
1331,Speaker 607,toys,105.46
1332,Backpack 484,electronics,326.02
1333,Chair 630,home,96.56
1334,Chair 488,home,333.38
1335,Notebook 504,home,30.64
1336,Chair 981,electronics,156.70
1337,Lamp 108,garden,307.29
1338,Backpack 963,sports,27.44
1339,Chair 628,electronics,176.66
1340,Chair 263,books,69.39
1341,Notebook 419,toys,350.78
1342,Notebook 969,sports,352.45
1343,Backpack 427,toys,13.74
1344,Kettle 175,garden,434.85
1345,Speaker 531,home,84.24
1346,Notebook 728,home,322.85
1347,Notebook 369,garden,179.62
1348,Kettle 995,sports,191.97
1349,Lamp 183,toys,103.55
1350,Chair 822,sports,90.40
1351,Speaker 207,toys,454.76
1352,Notebook 370,sports,321.75
1353,Lamp 895,toys,50.01
1354,Kettle 768,electronics,349.55
1355,Speaker 802,garden,431.14
1356,Chair 128,toys,237.68
1357,Kettle 579,garden,326.58
1358,Notebook 325,home,74.64
1359,Chair 648,electronics,448.75
1360,Kettle 410,electronics,443.90
1361,Lamp 328,sports,264.69
1362,Notebook 332,electronics,17.23
1363,Notebook 205,sports,169.97
1364,Speaker 685,toys,91.35
1365,Speaker 537,home,104.33
1366,Speaker 904,toys,319.40
1367,Notebook 823,books,36.69
1368,Backpack 998,home,208.33
1369,Notebook 816,toys,159.94
1370,Chair 586,electronics,251.31
1371,Notebook 862,books,374.75
1372,Notebook 490,garden,483.32
1373,Speaker 122,sports,498.29
1374,Chair 974,garden,5.48
1375,Speaker 860,sports,390.93
1376,Lamp 392,electronics,78.79
1377,Kettle 906,garden,139.87
1378,Kettle 877,electronics,99.68
1379,Lamp 941,electronics,274.66
1380,Chair 746,books,63.11
1381,Kettle 965,books,55.20
1382,Backpack 538,sports,468.47
1383,Notebook 104,sports,23.52
1384,Backpack 866,home,225.08
1385,Kettle 575,books,395.67
1386,Lamp 143,books,165.92
1387,Speaker 137,toys,425.60
1388,Kettle 302,electronics,455.97
1389,Chair 437,garden,166.17
1390,Kettle 292,books,396.82
1391,Chair 397,garden,337.08
1392,Chair 689,sports,124.11
1393,Lamp 809,sports,336.38
1394,Backpack 298,home,425.63
1395,Notebook 550,sports,365.59
1396,Kettle 411,toys,440.37
1397,Notebook 769,garden,252.64
1398,Chair 203,electronics,289.05
1399,Lamp 513,toys,102.07
1400,Backpack 995,electronics,73.14
1401,Lamp 520,home,478.62
1402,Backpack 538,books,112.58
1403,Speaker 136,garden,238.33
1404,Chair 776,books,397.94
1405,Speaker 140,sports,309.06
1406,Notebook 848,home,283.23
1407,Chair 363,books,82.91
1408,Kettle 667,electronics,62.06
1409,Lamp 401,electronics,119.84
1410,Speaker 495,sports,434.61
1411,Notebook 263,home,307.02
1412,Kettle 988,books,320.60
1413,Chair 667,toys,429.94
1414,Backpack 632,home,8.73
1415,Speaker 102,home,232.15
1416,Lamp 472,electronics,298.47
1417,Lamp 680,electronics,369.75
1418,Speaker 754,home,341.77
1419,Lamp 497,garden,358.61
1420,Backpack 908,electronics,223.35
1421,Chair 894,books,30.33
1422,Lamp 623,sports,143.19
1423,Chair 185,books,80.66
1424,Kettle 775,electronics,150.29
1425,Backpack 286,toys,234.50
1426,Kettle 518,electronics,496.14
1427,Kettle 670,books,396.30
1428,Backpack 260,books,80.66
1429,Lamp 275,toys,375.86
1430,Lamp 845,books,351.71
1431,Lamp 252,books,14.74
1432,Backpack 220,toys,440.33
1433,Chair 304,electronics,294.15
1434,Backpack 271,books,26.87
1435,Chair 980,toys,30.45
1436,Speaker 697,books,486.89
1437,Chair 918,electronics,358.24
1438,Notebook 885,electronics,263.96
1439,Backpack 424,books,155.79
1440,Kettle 607,garden,491.02
1441,Kettle 404,sports,41.69
1442,Speaker 488,electronics,224.72
1443,Chair 383,garden,419.35
1444,Chair 174,toys,374.12
1445,Lamp 185,books,7.19
1446,Chair 817,toys,143.28
1447,Lamp 632,garden,138.96
1448,Chair 546,books,225.24
1449,Speaker 585,books,478.14
1450,Lamp 382,toys,215.56
1451,Kettle 194,sports,197.52
1452,Chair 149,toys,372.28
1453,Lamp 897,books,476.03
1454,Chair 273,electronics,163.38
1455,Lamp 589,books,78.22
1456,Notebook 816,garden,395.13
1457,Backpack 941,electronics,498.62
1458,Lamp 509,garden,416.21
1459,Lamp 741,toys,382.76
1460,Chair 188,garden,189.45
1461,Kettle 453,sports,377.03
1462,Backpack 177,home,438.98
1463,Backpack 997,garden,230.82
1464,Chair 451,sports,362.06
1465,Notebook 589,sports,454.35
1466,Lamp 898,home,38.06
1467,Kettle 794,home,186.11
1468,Lamp 787,garden,12.50
1469,Chair 255,toys,339.96
1470,Chair 997,home,164.82
1471,Chair 101,books,492.31
1472,Notebook 798,books,420.15
1473,Speaker 676,books,160.01
1474,Backpack 528,home,439.09
1475,Lamp 911,home,481.92
1476,Kettle 202,toys,152.32
1477,Speaker 234,garden,138.34
1478,Chair 935,garden,182.92
1479,Notebook 448,toys,280.57
1480,Kettle 425,garden,477.19
1481,Notebook 972,home,310.52
1482,Chair 799,home,230.54
1483,Speaker 335,electronics,2.19
1484,Notebook 822,toys,448.70
1485,Chair 825,books,116.50
1486,Kettle 898,garden,13.66
1487,Speaker 759,electronics,255.62
1488,Kettle 416,garden,252.48
1489,Backpack 868,home,105.17
1490,Notebook 520,home,32.13
1491,Lamp 947,toys,352.12
1492,Kettle 317,books,307.59
1493,Backpack 646,electronics,369.68
1494,Notebook 922,sports,298.68
1495,Chair 138,garden,383.92
1496,Kettle 224,sports,394.13
1497,Speaker 525,garden,274.75
1498,Notebook 507,garden,253.58
1499,Lamp 396,home,470.95
1500,Lamp 798,garden,186.87
1501,Speaker 466,home,262.45
1502,Lamp 668,garden,219.13
1503,Speaker 842,electronics,473.54
1504,Chair 484,books,332.69
1505,Speaker 235,electronics,200.50
1506,Speaker 907,garden,438.86
1507,Speaker 307,electronics,296.88
1508,Chair 607,sports,162.93
1509,Lamp 638,garden,189.07
1510,Notebook 594,electronics,421.75
1511,Chair 267,garden,482.80
1512,Speaker 685,electronics,388.20
1513,Backpack 582,home,338.34
1514,Chair 632,toys,5.27
1515,Notebook 715,sports,414.50
1516,Backpack 388,books,76.52
1517,Kettle 169,books,198.78
1518,Lamp 151,books,327.19
1519,Lamp 972,toys,305.19
1520,Speaker 329,books,123.81
1521,Notebook 989,books,110.06
1522,Backpack 777,electronics,247.13
1523,Chair 968,toys,268.24
1524,Notebook 763,sports,334.56
1525,Notebook 684,home,335.60
1526,Backpack 973,electronics,261.76
1527,Lamp 844,home,395.27
1528,Chair 292,garden,39.92
1529,Notebook 727,books,82.81
1530,Backpack 332,sports,432.11
1531,Chair 852,sports,146.40
1532,Chair 908,sports,222.96
1533,Lamp 376,books,409.61
1534,Chair 671,books,243.65
1535,Kettle 834,sports,340.07
1536,Kettle 188,electronics,365.98
1537,Chair 701,garden,138.29
1538,Kettle 969,home,441.49
1539,Speaker 501,electronics,432.69
1540,Lamp 714,sports,189.64
1541,Chair 319,garden,95.79
1542,Chair 828,garden,197.77
1543,Notebook 523,electronics,347.75
1544,Lamp 241,garden,61.47
1545,Kettle 478,home,387.28
1546,Lamp 698,books,482.48
1547,Lamp 183,garden,449.28
1548,Backpack 959,home,430.91
1549,Kettle 101,books,442.04
1550,Notebook 868,garden,330.28
1551,Backpack 520,toys,375.18
1552,Speaker 576,electronics,96.76
1553,Notebook 380,books,175.77
1554,Chair 173,garden,376.86
1555,Chair 527,home,259.56
1556,Kettle 165,toys,499.43
1557,Notebook 112,electronics,23.04
1558,Lamp 667,toys,459.26
1559,Lamp 482,garden,457.33
1560,Notebook 862,sports,365.15
1561,Backpack 833,garden,320.12
1562,Chair 980,electronics,379.43
1563,Backpack 507,garden,344.06
1564,Speaker 997,home,349.06
1565,Speaker 994,garden,84.98
1566,Notebook 590,home,143.97
1567,Chair 451,electronics,388.98
1568,Kettle 466,electronics,207.74
1569,Backpack 100,electronics,229.82
1570,Backpack 643,toys,291.98
1571,Notebook 522,home,4.57
1572,Chair 459,garden,411.29
1573,Notebook 706,books,13.50
1574,Speaker 602,toys,499.13
1575,Lamp 665,electronics,370.52
1576,Chair 540,toys,368.32
1577,Speaker 665,electronics,37.57
1578,Notebook 761,electronics,307.35
1579,Lamp 246,sports,63.25
1580,Chair 863,electronics,156.39
1581,Speaker 467,sports,174.41
1582,Notebook 725,toys,243.58
1583,Speaker 648,garden,210.18
1584,Notebook 280,home,189.51
1585,Speaker 346,sports,434.97
1586,Lamp 175,home,168.19
1587,Lamp 635,home,390.85
1588,Chair 573,electronics,239.61
1589,Backpack 252,sports,470.12
1590,Chair 391,garden,358.55
1591,Kettle 831,electronics,260.77
1592,Lamp 538,books,386.27
1593,Speaker 963,sports,398.78
1594,Notebook 247,books,473.59
1595,Backpack 694,sports,106.09
1596,Notebook 441,toys,328.03
1597,Notebook 500,garden,63.65
1598,Notebook 131,sports,231.71
1599,Kettle 912,electronics,47.74
1600,Backpack 616,sports,118.81
1601,Chair 293,electronics,345.72
1602,Notebook 269,toys,80.63
1603,Notebook 210,books,422.85
1604,Notebook 428,sports,224.26
1605,Chair 514,toys,453.39
1606,Speaker 912,sports,372.68
1607,Lamp 503,electronics,112.72
1608,Backpack 158,home,11.02
1609,Kettle 512,electronics,351.13
1610,Backpack 410,books,371.59
1611,Backpack 268,garden,148.40
1612,Speaker 778,toys,178.26
1613,Lamp 792,books,60.55
1614,Notebook 958,garden,308.89
1615,Speaker 580,toys,175.43
1616,Chair 919,garden,295.36
1617,Backpack 947,books,487.46
1618,Lamp 679,books,81.97
1619,Kettle 343,electronics,297.68
1620,Lamp 361,books,499.63
1621,Chair 210,home,173.25
1622,Speaker 920,home,330.63
1623,Speaker 823,electronics,321.60
1624,Lamp 560,sports,146.66
1625,Backpack 378,books,491.30
1626,Lamp 877,toys,237.75
1627,Lamp 416,toys,435.13
1628,Kettle 916,sports,260.30
1629,Lamp 786,books,78.20
1630,Chair 386,toys,84.74
1631,Speaker 632,home,99.98
1632,Chair 370,garden,415.83
1633,Notebook 997,books,143.96
1634,Lamp 899,garden,449.32
1635,Chair 391,garden,421.63
1636,Backpack 931,books,106.48
1637,Chair 380,sports,495.95
1638,Speaker 121,sports,115.62
1639,Lamp 531,books,216.29
1640,Kettle 240,books,489.97
1641,Lamp 680,garden,426.05
1642,Lamp 295,electronics,345.48
1643,Backpack 574,home,368.87
1644,Notebook 483,toys,191.31
1645,Backpack 168,home,159.38
1646,Notebook 604,books,101.87
1647,Notebook 577,home,283.99
1648,Notebook 828,home,174.27
1649,Backpack 354,books,165.79
1650,Chair 867,sports,430.87
1651,Chair 735,home,128.40
1652,Notebook 579,toys,18.95
1653,Lamp 365,garden,126.44
1654,Kettle 114,home,304.39
1655,Speaker 739,garden,65.27
1656,Lamp 281,electronics,5.31
1657,Lamp 958,toys,475.51
1658,Kettle 990,books,279.34
1659,Notebook 314,garden,249.92
1660,Kettle 761,toys,475.37
1661,Backpack 228,garden,477.97
1662,Backpack 184,sports,350.79
1663,Notebook 654,toys,70.22
1664,Lamp 831,electronics,487.15
1665,Lamp 820,sports,137.50
1666,Speaker 115,garden,393.57
1667,Notebook 446,home,450.80
1668,Backpack 102,electronics,255.94
1669,Chair 551,sports,373.78
1670,Chair 294,electronics,490.62
1671,Lamp 978,garden,130.01
1672,Backpack 537,toys,307.50
1673,Notebook 541,garden,23.84
1674,Backpack 832,garden,175.98
1675,Chair 679,electronics,270.10
1676,Backpack 325,garden,283.66
1677,Notebook 663,books,396.29
1678,Lamp 459,garden,241.27
1679,Kettle 441,toys,126.11
1680,Notebook 270,electronics,44.95
1681,Lamp 229,sports,129.34
1682,Backpack 455,electronics,444.62
1683,Lamp 763,home,15.92
1684,Speaker 387,electronics,20.50
1685,Backpack 860,sports,440.23
1686,Notebook 724,home,221.74
1687,Kettle 651,books,174.17
1688,Lamp 666,toys,133.62
1689,Speaker 474,garden,42.30
1690,Backpack 977,garden,192.28
1691,Backpack 970,home,22.69
1692,Speaker 292,electronics,327.89
1693,Backpack 300,toys,417.14
1694,Chair 157,sports,73.55
1695,Kettle 500,home,252.54
1696,Chair 637,home,259.53
1697,Backpack 589,toys,470.06
1698,Backpack 541,electronics,196.66
1699,Backpack 335,garden,303.16
1700,Notebook 452,garden,464.23
1701,Backpack 393,books,82.54
1702,Notebook 198,sports,180.88
1703,Chair 313,toys,187.16
1704,Lamp 181,garden,200.55
1705,Kettle 182,electronics,294.76
1706,Backpack 860,toys,452.56
1707,Notebook 798,garden,46.86
1708,Lamp 858,books,400.27
1709,Lamp 686,electronics,45.80
1710,Backpack 914,toys,188.77
1711,Notebook 562,sports,46.99
1712,Lamp 264,toys,110.40
1713,Notebook 654,home,396.69
1714,Speaker 503,toys,135.01
1715,Notebook 975,books,134.23
1716,Backpack 660,garden,192.47
1717,Kettle 986,toys,141.35
1718,Chair 160,books,34.14
1719,Lamp 205,sports,285.68
1720,Notebook 985,toys,386.24
1721,Chair 451,electronics,218.29
1722,Speaker 416,sports,323.81
1723,Chair 460,electronics,84.31
1724,Speaker 765,toys,358.83
1725,Chair 754,toys,300.41
1726,Speaker 279,toys,84.34
1727,Kettle 207,books,108.48
1728,Lamp 491,electronics,425.72
1729,Speaker 453,sports,330.77
1730,Chair 509,garden,270.55
1731,Chair 814,electronics,149.22
1732,Kettle 376,garden,413.41
1733,Speaker 323,garden,498.96
1734,Chair 373,home,481.55
1735,Chair 670,home,74.63
1736,Chair 471,sports,352.84
1737,Chair 496,electronics,56.64
1738,Chair 436,sports,450.40
1739,Kettle 403,electronics,147.81
1740,Speaker 928,garden,449.77
1741,Kettle 331,garden,221.55
1742,Speaker 710,garden,299.00
1743,Kettle 502,books,95.76
1744,Speaker 774,electronics,217.87
1745,Lamp 552,books,174.06
1746,Speaker 682,garden,449.39
1747,Kettle 896,toys,212.95
1748,Notebook 594,books,220.09
1749,Chair 205,toys,241.39
1750,Speaker 867,garden,424.00
1751,Chair 863,garden,282.88
1752,Notebook 535,sports,264.99
1753,Chair 221,garden,279.36
1754,Notebook 979,toys,96.48
1755,Backpack 989,home,446.81
1756,Backpack 626,electronics,343.16
1757,Notebook 136,garden,156.22
1758,Backpack 114,books,262.50
1759,Chair 584,garden,403.11
1760,Lamp 415,toys,392.89
1761,Chair 772,home,349.36
1762,Notebook 590,sports,117.29
1763,Speaker 991,books,236.87
1764,Lamp 696,books,28.58
1765,Notebook 562,books,156.45
1766,Backpack 454,books,405.26
1767,Notebook 972,sports,252.20
1768,Lamp 879,home,51.42
1769,Speaker 101,garden,45.27
1770,Speaker 604,sports,81.79
1771,Speaker 254,books,195.43
1772,Kettle 604,sports,408.05
1773,Kettle 406,sports,212.15
1774,Speaker 535,home,465.33
1775,Notebook 673,toys,150.46
1776,Backpack 981,toys,353.29
1777,Lamp 183,toys,242.30
1778,Notebook 139,garden,196.29
1779,Notebook 144,garden,298.82
1780,Lamp 447,garden,238.89
1781,Chair 397,garden,450.14
1782,Notebook 769,home,493.81
1783,Kettle 960,garden,369.28
1784,Kettle 407,sports,391.12
1785,Chair 849,electronics,257.73
1786,Notebook 749,electronics,390.56
1787,Backpack 159,home,432.07
1788,Kettle 972,garden,127.79
1789,Notebook 673,electronics,219.06
1790,Notebook 709,garden,358.98
1791,Backpack 870,books,148.96
1792,Chair 196,toys,150.53
1793,Chair 595,toys,158.69
1794,Backpack 980,toys,99.67
1795,Lamp 701,books,236.06
1796,Speaker 567,toys,154.48
1797,Speaker 871,home,213.60
1798,Notebook 231,home,475.72
1799,Chair 304,home,139.60
1800,Notebook 529,sports,201.02
1801,Notebook 899,sports,375.27
1802,Backpack 626,electronics,47.81
1803,Kettle 397,home,168.42
1804,Chair 437,sports,173.46
1805,Speaker 341,electronics,83.87
1806,Kettle 470,toys,105.73
1807,Speaker 846,sports,373.06
1808,Notebook 651,books,495.01
1809,Chair 306,garden,362.29
1810,Chair 581,toys,356.83
1811,Chair 747,home,270.03
1812,Notebook 995,toys,395.64
1813,Lamp 873,sports,303.38
1814,Notebook 379,home,235.22
1815,Backpack 194,sports,368.81
1816,Lamp 198,garden,419.10
1817,Notebook 524,home,232.07
1818,Speaker 796,toys,97.99
1819,Backpack 165,garden,234.36
1820,Speaker 454,toys,52.24
1821,Lamp 623,toys,418.54
1822,Backpack 950,books,13.50
1823,Chair 207,sports,50.98
1824,Kettle 118,garden,481.61
1825,Notebook 939,home,398.86
1826,Kettle 479,home,488.07
1827,Kettle 314,garden,467.25
1828,Backpack 662,garden,18.89
1829,Chair 827,toys,159.85
1830,Chair 585,home,416.90
1831,Chair 347,books,23.10
1832,Speaker 331,toys,265.54
1833,Lamp 388,books,148.94
1834,Backpack 649,books,124.91
1835,Backpack 399,books,142.56
1836,Speaker 557,books,158.88
1837,Speaker 519,books,206.98
1838,Chair 193,electronics,329.13
1839,Kettle 534,toys,112.37
1840,Speaker 702,electronics,6.14
1841,Lamp 653,electronics,479.97
1842,Lamp 144,books,25.02
1843,Lamp 188,toys,214.08
1844,Kettle 143,electronics,411.86
1845,Kettle 522,garden,303.34
1846,Lamp 661,garden,261.37
1847,Backpack 175,garden,280.29
1848,Kettle 600,home,334.24
1849,Kettle 403,sports,28.45
1850,Speaker 777,garden,58.57
1851,Lamp 855,books,326.43
1852,Lamp 729,home,260.28
1853,Notebook 814,electronics,399.94
1854,Chair 969,sports,232.75
1855,Notebook 374,books,411.07
1856,Kettle 473,toys,51.52
1857,Notebook 636,toys,432.28
1858,Speaker 627,toys,18.99
1859,Speaker 502,sports,470.01
1860,Lamp 897,sports,376.97
1861,Kettle 929,toys,52.93
1862,Notebook 687,sports,369.47
1863,Backpack 162,electronics,356.37
1864,Lamp 788,home,226.50
1865,Kettle 903,home,465.53
1866,Backpack 650,home,377.09
1867,Speaker 268,electronics,261.59
1868,Speaker 586,sports,357.47
1869,Kettle 345,books,247.20
1870,Backpack 521,sports,19.12
1871,Backpack 201,home,342.94
1872,Notebook 308,toys,366.47
1873,Kettle 889,electronics,301.31
1874,Kettle 756,sports,279.89
1875,Chair 695,books,253.67
1876,Notebook 469,books,132.59
1877,Lamp 615,garden,178.78
1878,Speaker 547,books,202.74
1879,Speaker 872,books,238.02
1880,Kettle 973,toys,390.03
1881,Backpack 731,garden,51.97
1882,Speaker 987,garden,443.44
1883,Backpack 829,garden,114.66
1884,Kettle 474,toys,276.23
1885,Speaker 480,sports,59.61
1886,Kettle 257,electronics,466.75
1887,Kettle 339,electronics,485.82
1888,Kettle 943,sports,61.97
1889,Notebook 951,home,242.46
1890,Notebook 820,garden,299.37
1891,Kettle 153,toys,167.41
1892,Speaker 983,sports,267.59
1893,Notebook 634,toys,6.68
1894,Kettle 328,electronics,462.27
1895,Backpack 819,toys,428.16
1896,Chair 865,books,376.99
1897,Notebook 390,toys,442.11
1898,Lamp 334,electronics,284.73
1899,Chair 157,books,349.10
1900,Chair 834,books,488.02
1901,Kettle 617,electronics,344.29
1902,Notebook 788,books,87.88
1903,Notebook 694,home,244.54
1904,Backpack 203,home,81.86
1905,Lamp 995,electronics,441.33
1906,Notebook 531,sports,124.53
1907,Speaker 144,sports,480.23
1908,Kettle 967,garden,245.82
1909,Speaker 571,sports,288.04
1910,Kettle 531,sports,492.53
1911,Speaker 286,electronics,427.46
1912,Lamp 889,garden,39.44
1913,Notebook 227,home,486.52
1914,Kettle 565,garden,423.02
1915,Backpack 271,sports,443.44
1916,Backpack 948,toys,257.99
1917,Kettle 565,electronics,166.65
1918,Chair 401,books,24.37
1919,Chair 773,home,72.83
1920,Backpack 351,garden,8.96
1921,Speaker 242,toys,330.35
1922,Backpack 743,sports,496.97
1923,Speaker 294,sports,401.71
1924,Lamp 933,electronics,159.59
1925,Kettle 721,books,337.57
1926,Lamp 831,garden,197.28
1927,Speaker 553,toys,193.18
1928,Kettle 892,books,375.86
1929,Backpack 343,books,29.59
1930,Backpack 732,toys,392.30
1931,Backpack 607,electronics,423.66
1932,Lamp 353,toys,141.86
1933,Kettle 739,electronics,407.97
1934,Kettle 599,garden,386.64
1935,Speaker 666,toys,414.68
1936,Lamp 534,electronics,301.28
1937,Notebook 243,toys,307.37
1938,Lamp 584,books,222.03
1939,Notebook 323,sports,214.64
1940,Notebook 301,toys,213.90
1941,Chair 213,sports,144.26
1942,Speaker 863,toys,364.34
1943,Backpack 872,books,12.15
1944,Speaker 264,home,26.69
1945,Speaker 286,home,347.10
1946,Lamp 879,garden,426.38
1947,Lamp 491,toys,112.58
1948,Lamp 801,home,338.33
1949,Notebook 670,home,468.05
1950,Chair 481,sports,4.96
1951,Chair 893,sports,191.19
1952,Kettle 958,toys,70.70
1953,Speaker 902,electronics,228.11
1954,Kettle 671,home,448.26
1955,Backpack 747,garden,456.26
1956,Lamp 936,sports,167.72
1957,Lamp 820,electronics,420.50
1958,Speaker 719,books,273.56
1959,Kettle 159,books,220.35
1960,Backpack 973,sports,344.71
1961,Kettle 795,garden,61.32
1962,Speaker 469,home,118.88
1963,Backpack 377,electronics,374.82
1964,Backpack 693,books,267.96
1965,Chair 645,sports,93.76
1966,Backpack 884,sports,123.57
1967,Backpack 725,toys,249.61
1968,Speaker 612,sports,16.71
1969,Kettle 715,home,471.19
1970,Notebook 146,home,469.99
1971,Kettle 592,sports,373.04
1972,Lamp 729,garden,200.67
1973,Kettle 431,toys,33.90
1974,Lamp 926,sports,57.27
1975,Backpack 943,electronics,94.24
1976,Speaker 145,toys,464.35
1977,Chair 936,electronics,93.17
1978,Speaker 941,sports,430.95
1979,Kettle 943,electronics,300.76
1980,Notebook 451,home,311.04
1981,Notebook 182,garden,109.68
1982,Chair 612,electronics,168.65
1983,Speaker 133,books,305.07
1984,Speaker 270,toys,359.78
1985,Chair 674,garden,336.83
1986,Backpack 550,garden,346.24
1987,Backpack 950,toys,452.26
1988,Backpack 804,sports,440.68
1989,Backpack 619,electronics,417.39
1990,Notebook 670,home,394.37
1991,Kettle 102,toys,453.54
1992,Speaker 753,garden,386.07
1993,Kettle 661,home,147.61
1994,Speaker 887,home,70.11
1995,Lamp 405,electronics,128.84
1996,Chair 351,toys,334.13
1997,Speaker 190,sports,351.38
1998,Lamp 646,toys,14.52
1999,Backpack 902,home,92.42
2000,Backpack 190,toys,29.36
2001,Backpack 673,home,217.86
2002,Notebook 448,home,304.99
2003,Notebook 996,toys,433.30
2004,Backpack 491,home,261.76
2005,Kettle 983,garden,190.78
2006,Chair 723,sports,269.22
2007,Kettle 418,sports,191.17
2008,Lamp 684,sports,113.76
2009,Kettle 763,books,316.42
2010,Chair 602,garden,499.04
2011,Chair 519,electronics,468.94
2012,Notebook 268,electronics,88.31
2013,Lamp 908,electronics,100.56
2014,Notebook 485,home,93.54
2015,Backpack 599,books,102.69
2016,Notebook 978,books,60.58
2017,Notebook 720,electronics,345.34
2018,Notebook 496,books,149.05
2019,Speaker 823,books,363.88
2020,Backpack 848,garden,186.55
2021,Lamp 502,sports,62.33
2022,Kettle 202,sports,152.54
2023,Speaker 269,books,364.52
2024,Kettle 272,home,398.34
2025,Lamp 179,home,361.93
2026,Kettle 140,sports,146.96
2027,Speaker 531,books,55.11
2028,Notebook 359,home,271.33
2029,Backpack 786,books,443.58
2030,Chair 409,toys,347.64
2031,Notebook 760,garden,304.71
2032,Kettle 120,sports,57.04
2033,Kettle 550,toys,179.08
2034,Speaker 582,toys,24.42
2035,Lamp 577,toys,1.74
2036,Notebook 866,toys,312.13
2037,Backpack 486,books,48.49
2038,Notebook 838,home,430.02
2039,Backpack 619,home,371.84
2040,Kettle 506,books,83.50
2041,Speaker 146,books,442.39
2042,Kettle 146,sports,416.86
2043,Kettle 647,books,266.28
2044,Kettle 755,electronics,166.21
2045,Chair 621,electronics,416.45
2046,Notebook 602,home,6.81
2047,Notebook 965,home,314.94
2048,Lamp 354,electronics,253.63
2049,Chair 941,home,114.04
2050,Chair 745,garden,198.12
2051,Notebook 616,garden,251.73
2052,Chair 140,home,8.65
2053,Lamp 861,garden,437.45
2054,Lamp 919,home,348.45
2055,Kettle 785,home,384.06
2056,Kettle 411,garden,130.55
2057,Chair 210,garden,302.92
2058,Kettle 948,books,75.10
2059,Chair 589,electronics,79.76
2060,Notebook 703,sports,398.12
2061,Notebook 298,books,226.10
2062,Chair 146,sports,333.19
2063,Backpack 184,sports,264.43
2064,Chair 654,toys,236.53
2065,Notebook 904,home,253.12
2066,Kettle 702,sports,195.68
2067,Notebook 149,books,446.62
2068,Lamp 186,electronics,238.26
2069,Chair 376,garden,109.91
2070,Speaker 708,electronics,496.47
2071,Kettle 435,sports,334.62
2072,Speaker 988,sports,94.69
2073,Speaker 218,toys,11.85
2074,Chair 833,garden,94.01
2075,Kettle 922,garden,239.21
2076,Lamp 211,books,241.66
2077,Notebook 712,books,153.93
2078,Kettle 889,toys,248.44
2079,Chair 438,electronics,283.64
2080,Chair 780,electronics,113.87
2081,Notebook 438,home,350.15
2082,Notebook 145,electronics,483.48
2083,Backpack 635,home,26.19
2084,Kettle 801,toys,385.94
2085,Lamp 363,books,127.62
2086,Lamp 865,electronics,270.65
2087,Kettle 383,home,356.21
2088,Speaker 494,sports,387.89
2089,Lamp 384,electronics,302.93
2090,Kettle 701,home,293.12
2091,Speaker 241,garden,67.02
2092,Backpack 682,garden,405.29
2093,Kettle 124,sports,368.40
2094,Notebook 474,garden,262.75
2095,Lamp 837,electronics,123.43
2096,Kettle 596,books,20.18
2097,Chair 364,home,493.17
2098,Kettle 226,sports,374.94
2099,Chair 858,home,139.44
2100,Kettle 571,electronics,194.06
2101,Backpack 614,toys,124.50
2102,Chair 631,toys,102.62
2103,Lamp 765,toys,117.22
2104,Chair 754,sports,56.38
2105,Lamp 315,sports,271.82
2106,Chair 634,sports,72.29
2107,Lamp 726,home,76.63
2108,Notebook 917,books,101.44
2109,Notebook 774,electronics,453.69
2110,Speaker 667,garden,45.59
2111,Kettle 710,toys,483.25
2112,Speaker 837,books,477.91
2113,Backpack 135,books,20.63
2114,Backpack 121,home,262.25
2115,Lamp 924,books,382.34
2116,Backpack 928,garden,121.76
2117,Kettle 827,garden,323.08
2118,Speaker 704,toys,34.87
2119,Lamp 245,toys,40.47
2120,Kettle 907,electronics,487.49
2121,Lamp 706,electronics,300.71
2122,Notebook 269,books,332.97
2123,Speaker 915,garden,246.70
2124,Backpack 616,books,82.01
2125,Notebook 135,electronics,64.57
2126,Speaker 731,toys,80.71
2127,Backpack 265,garden,204.39
2128,Lamp 385,electronics,275.21
2129,Chair 178,home,374.93
2130,Chair 794,home,127.99
2131,Kettle 472,electronics,446.31
2132,Chair 204,books,389.82
2133,Notebook 287,electronics,166.42
2134,Backpack 327,garden,499.10
2135,Backpack 533,garden,369.90
2136,Kettle 518,electronics,324.11
2137,Backpack 219,sports,346.22
2138,Kettle 638,electronics,173.06
2139,Backpack 855,garden,150.37
2140,Backpack 917,electronics,287.72
2141,Lamp 848,toys,147.55
2142,Backpack 298,garden,91.14
2143,Notebook 620,toys,421.70
2144,Speaker 933,sports,161.07
2145,Speaker 852,books,368.94
2146,Lamp 396,sports,428.44
2147,Chair 761,home,2.68
2148,Speaker 737,books,463.30
2149,Kettle 221,home,375.58
2150,Chair 762,books,332.30
2151,Kettle 376,toys,248.08
2152,Notebook 266,books,424.49
2153,Lamp 470,electronics,14.48
2154,Backpack 745,home,15.85
2155,Speaker 927,electronics,422.02
2156,Speaker 504,electronics,435.39
2157,Kettle 560,home,262.56
2158,Notebook 801,sports,305.84
2159,Notebook 907,toys,225.24
2160,Chair 224,home,332.69
2161,Speaker 854,toys,279.74
2162,Backpack 565,books,328.27
2163,Kettle 624,sports,207.30
2164,Lamp 243,books,257.91
2165,Speaker 128,toys,125.69
2166,Kettle 778,garden,131.54
2167,Backpack 548,home,93.67
2168,Kettle 256,sports,109.23
2169,Kettle 244,books,6.83
2170,Speaker 495,toys,127.04
2171,Lamp 885,home,208.51
2172,Notebook 167,books,425.19
2173,Lamp 835,electronics,198.44
2174,Chair 921,home,393.89
2175,Speaker 463,sports,35.42
2176,Notebook 963,home,156.24
2177,Kettle 495,electronics,229.07
2178,Speaker 167,home,1.28
2179,Speaker 472,garden,185.75
2180,Chair 960,electronics,30.58
2181,Kettle 912,toys,421.86
2182,Speaker 118,electronics,464.93
2183,Backpack 834,books,118.24
2184,Speaker 992,toys,463.00
2185,Speaker 619,home,32.38
2186,Notebook 992,toys,322.06
2187,Notebook 439,electronics,274.45
2188,Lamp 671,garden,257.97
2189,Lamp 254,sports,62.61
2190,Kettle 462,books,308.14
2191,Backpack 601,toys,408.53
2192,Notebook 629,home,250.82
2193,Kettle 594,books,327.13
2194,Kettle 891,home,365.76
2195,Speaker 123,sports,430.08
2196,Speaker 244,home,368.43
2197,Speaker 227,books,112.51
2198,Chair 478,toys,379.05
2199,Backpack 536,garden,27.90
2200,Lamp 586,sports,153.33
2201,Lamp 395,sports,222.73
2202,Lamp 844,home,70.04
2203,Notebook 841,home,456.80
2204,Kettle 315,garden,138.05
2205,Backpack 311,home,306.59
2206,Speaker 569,books,406.75
2207,Backpack 872,home,328.99
2208,Lamp 659,garden,497.82
2209,Speaker 782,toys,35.61
2210,Notebook 818,sports,227.25
2211,Lamp 559,home,136.64
2212,Lamp 853,garden,280.40
2213,Chair 965,sports,246.57
2214,Chair 269,electronics,122.84
2215,Backpack 641,sports,161.04
2216,Speaker 949,toys,99.72
2217,Chair 493,home,113.26
2218,Speaker 431,garden,283.39
2219,Speaker 967,garden,417.25
2220,Lamp 940,electronics,287.78
2221,Chair 918,electronics,346.08
2222,Kettle 566,garden,318.62
2223,Lamp 230,electronics,487.35
2224,Kettle 367,toys,365.70
2225,Kettle 388,sports,286.21
2226,Lamp 156,books,92.23
2227,Speaker 140,sports,87.94
2228,Backpack 953,sports,404.23
2229,Kettle 377,garden,380.16
2230,Lamp 954,home,92.58
2231,Backpack 153,garden,495.20
2232,Chair 365,sports,12.38
2233,Lamp 318,books,400.70
2234,Chair 317,garden,296.58
2235,Notebook 122,garden,323.21
2236,Notebook 306,sports,158.75
2237,Notebook 214,books,441.41
2238,Speaker 947,books,341.57
2239,Chair 163,electronics,473.30
2240,Speaker 472,toys,379.79
2241,Kettle 383,garden,52.72
2242,Chair 692,garden,420.18
2243,Notebook 345,toys,41.41
2244,Lamp 248,sports,289.73
2245,Lamp 171,electronics,273.16
2246,Backpack 584,books,239.89
2247,Lamp 829,books,372.43
2248,Chair 329,books,322.46
2249,Kettle 687,toys,359.98
2250,Speaker 976,electronics,428.65
2251,Speaker 665,sports,118.18
2252,Lamp 180,garden,205.67
2253,Kettle 919,home,432.56
2254,Chair 984,toys,135.60
2255,Speaker 674,home,270.27
2256,Speaker 901,electronics,196.78
2257,Backpack 878,toys,99.12
2258,Backpack 963,toys,400.67
2259,Notebook 118,toys,469.28
2260,Kettle 720,sports,474.19
2261,Notebook 227,electronics,447.62
2262,Lamp 939,garden,374.44
2263,Kettle 493,sports,41.57
2264,Chair 774,home,255.41
2265,Notebook 867,toys,416.28
2266,Backpack 279,garden,231.51
2267,Backpack 243,books,476.11
2268,Chair 824,home,77.08
2269,Backpack 661,books,122.57
2270,Backpack 867,home,470.71
2271,Backpack 586,home,166.08
2272,Backpack 896,books,101.84
2273,Kettle 552,sports,332.08
2274,Kettle 638,home,42.99
2275,Speaker 948,home,315.00
2276,Lamp 832,books,124.69
2277,Speaker 800,sports,360.75
2278,Speaker 358,sports,255.15
2279,Lamp 452,electronics,401.68
2280,Kettle 655,toys,31.65
2281,Backpack 511,sports,479.40
2282,Backpack 249,toys,162.04
2283,Lamp 982,books,55.66
2284,Lamp 669,sports,245.85
2285,Kettle 331,toys,366.52
2286,Notebook 770,garden,261.21
2287,Backpack 175,books,493.51
2288,Speaker 312,sports,499.86
2289,Backpack 192,home,216.80
2290,Notebook 191,sports,281.18
2291,Notebook 944,home,489.86
2292,Lamp 882,books,133.01
2293,Chair 972,electronics,213.99
2294,Lamp 157,toys,52.83
2295,Backpack 841,books,389.83
2296,Lamp 300,electronics,219.97
2297,Notebook 766,electronics,6.58
2298,Lamp 192,sports,405.13
2299,Kettle 896,toys,48.11
2300,Kettle 355,home,352.19
2301,Notebook 508,sports,191.32
2302,Chair 589,home,114.55
2303,Speaker 414,home,254.96
2304,Backpack 917,books,376.48
2305,Speaker 944,garden,434.18
2306,Speaker 140,garden,350.43
2307,Notebook 453,garden,313.07
2308,Backpack 700,toys,51.29
2309,Notebook 370,garden,342.28
2310,Speaker 541,electronics,433.37
2311,Backpack 226,toys,207.16
2312,Kettle 469,electronics,395.35
2313,Speaker 131,electronics,465.17
2314,Speaker 159,books,321.92
2315,Speaker 649,toys,218.86
2316,Chair 524,toys,63.81
2317,Chair 249,garden,5.43
2318,Notebook 677,home,499.96
2319,Speaker 577,books,238.80
2320,Backpack 514,toys,89.44
2321,Speaker 688,electronics,83.61
2322,Backpack 728,toys,415.24
2323,Chair 113,garden,318.68
2324,Backpack 306,electronics,155.52
2325,Chair 254,sports,161.77
2326,Notebook 844,electronics,34.46
2327,Kettle 919,home,368.93
2328,Notebook 474,home,359.64
2329,Chair 180,toys,126.64
2330,Kettle 632,books,167.13
2331,Speaker 224,electronics,51.90
2332,Kettle 361,electronics,70.83
2333,Backpack 151,sports,167.18
2334,Chair 178,sports,187.04
2335,Backpack 707,garden,334.18
2336,Backpack 331,home,298.66
2337,Kettle 199,home,161.46
2338,Kettle 982,sports,225.35
2339,Backpack 868,home,476.03
2340,Lamp 852,garden,54.00
2341,Chair 414,toys,259.61
2342,Lamp 945,sports,372.17
2343,Lamp 387,sports,245.24
2344,Notebook 112,books,461.70
2345,Speaker 355,electronics,105.89
2346,Kettle 607,home,221.82
2347,Speaker 809,electronics,213.19
2348,Notebook 395,home,36.68
2349,Lamp 790,garden,199.83
2350,Notebook 154,toys,427.80
2351,Chair 344,home,15.61
2352,Notebook 915,toys,37.19
2353,Chair 646,sports,39.09
2354,Notebook 822,home,491.76
2355,Speaker 734,home,45.81
2356,Chair 391,toys,162.92
2357,Speaker 351,books,228.98
2358,Backpack 687,electronics,380.46
2359,Backpack 508,books,137.08
2360,Lamp 463,electronics,230.19
2361,Lamp 329,home,144.05
2362,Backpack 582,garden,38.76
2363,Notebook 248,garden,300.77
2364,Speaker 316,garden,344.61
2365,Chair 928,books,280.10
2366,Notebook 563,garden,153.54
2367,Chair 719,home,368.91
2368,Kettle 145,electronics,476.57
2369,Notebook 691,sports,76.08
2370,Lamp 826,garden,327.53
2371,Speaker 517,toys,65.01
2372,Lamp 519,toys,322.89
2373,Lamp 667,electronics,13.98
2374,Backpack 181,garden,40.38
2375,Kettle 876,sports,102.27
2376,Kettle 643,sports,33.26
2377,Speaker 380,toys,301.95
2378,Chair 721,home,317.84
2379,Backpack 748,toys,81.55
2380,Backpack 534,garden,46.33
2381,Notebook 834,toys,251.71
2382,Notebook 284,home,209.11
2383,Kettle 718,electronics,29.25
2384,Chair 340,books,171.87
2385,Speaker 929,toys,422.92
2386,Kettle 780,home,79.57
2387,Backpack 106,toys,405.66
2388,Chair 233,electronics,123.38
2389,Speaker 529,home,317.70
2390,Backpack 149,home,244.38
2391,Chair 959,toys,106.35
2392,Lamp 200,sports,259.49
2393,Backpack 815,toys,239.15
2394,Speaker 285,sports,224.21
2395,Lamp 979,home,321.68
2396,Kettle 705,electronics,81.12
2397,Lamp 777,books,267.72
2398,Kettle 892,toys,288.35
2399,Speaker 179,home,408.86
2400,Chair 128,books,89.45
2401,Notebook 125,toys,284.02
2402,Speaker 272,home,412.86
2403,Speaker 367,electronics,408.70
2404,Chair 137,garden,460.92
2405,Kettle 185,books,225.29
2406,Speaker 589,home,266.81
2407,Lamp 512,toys,360.85
2408,Backpack 191,garden,140.52
2409,Chair 286,electronics,319.31
2410,Kettle 940,garden,133.22
2411,Lamp 487,home,238.20
2412,Lamp 502,books,479.71
2413,Backpack 993,sports,487.39
2414,Backpack 524,electronics,331.23
2415,Speaker 514,toys,180.47
2416,Kettle 523,electronics,39.78
2417,Backpack 412,garden,282.37
2418,Notebook 134,toys,242.24
2419,Speaker 638,books,144.13
2420,Chair 816,toys,272.93
2421,Lamp 998,garden,403.04
2422,Lamp 537,books,128.70
2423,Lamp 199,books,462.88
2424,Notebook 880,garden,309.45
2425,Speaker 333,toys,496.95
2426,Speaker 831,electronics,192.19
2427,Lamp 184,toys,121.17
2428,Kettle 828,toys,309.80
2429,Backpack 298,books,448.03
2430,Backpack 807,electronics,392.50
2431,Speaker 571,toys,157.37
2432,Chair 989,toys,320.97
2433,Speaker 522,electronics,356.22
2434,Kettle 481,sports,25.43
2435,Speaker 769,electronics,227.90
2436,Backpack 553,home,74.36
2437,Chair 435,books,20.51
2438,Speaker 281,sports,270.86
2439,Backpack 456,books,378.09
2440,Kettle 548,home,229.63
2441,Kettle 970,electronics,317.61
2442,Kettle 476,books,96.57
2443,Backpack 615,electronics,437.92
2444,Chair 529,sports,140.76
2445,Notebook 808,sports,249.18
2446,Lamp 466,books,472.13
2447,Chair 359,home,422.46
2448,Speaker 583,garden,111.21
2449,Speaker 538,toys,35.76
2450,Kettle 608,electronics,439.53
2451,Kettle 172,sports,286.88
2452,Speaker 206,electronics,195.43
2453,Speaker 649,electronics,410.87
2454,Lamp 318,toys,417.60
2455,Backpack 764,sports,299.42
2456,Notebook 840,electronics,305.42
2457,Chair 477,sports,45.38
2458,Speaker 924,garden,184.44
2459,Speaker 390,garden,167.64
2460,Speaker 456,books,358.91
2461,Lamp 905,books,119.61
2462,Speaker 803,sports,242.03
2463,Backpack 541,electronics,260.18
2464,Lamp 759,sports,491.66
2465,Kettle 132,toys,104.58
2466,Speaker 137,toys,144.72
2467,Chair 242,electronics,230.06
2468,Speaker 934,toys,198.73
2469,Speaker 305,garden,222.95
2470,Chair 438,garden,233.76
2471,Lamp 139,toys,399.24
2472,Chair 114,electronics,314.01
2473,Backpack 901,garden,340.99
2474,Chair 289,books,191.76
2475,Speaker 855,electronics,157.06
2476,Backpack 964,home,14.02
2477,Speaker 348,garden,14.85
2478,Lamp 106,toys,420.11
2479,Speaker 368,garden,30.44
2480,Backpack 397,electronics,312.31
2481,Chair 727,home,294.40
2482,Backpack 340,sports,144.97
2483,Chair 646,electronics,123.21
2484,Speaker 815,home,20.56
2485,Backpack 951,electronics,243.96
2486,Lamp 989,electronics,17.79
2487,Notebook 325,garden,190.47
2488,Speaker 591,electronics,201.57
2489,Chair 695,toys,284.01
2490,Chair 655,books,198.68
2491,Kettle 405,sports,457.19
2492,Lamp 413,electronics,17.25
2493,Lamp 221,books,399.14
2494,Notebook 954,books,262.13
2495,Speaker 443,garden,362.71
2496,Backpack 750,home,253.43
2497,Chair 421,books,130.90
2498,Backpack 448,books,83.59
2499,Lamp 828,sports,21.17
2500,Notebook 403,books,18.88
2501,Lamp 775,toys,93.99
2502,Lamp 868,sports,282.01
2503,Lamp 252,garden,26.53
2504,Notebook 435,home,44.01
2505,Chair 436,home,443.53
2506,Notebook 963,garden,301.74
2507,Kettle 769,toys,448.43
2508,Kettle 204,toys,499.92
2509,Backpack 695,books,140.49
2510,Speaker 685,home,124.70
2511,Backpack 531,electronics,460.57
2512,Speaker 948,books,229.56
2513,Chair 789,sports,97.42
2514,Notebook 892,books,321.51
2515,Chair 183,sports,140.25
2516,Chair 375,home,37.76
2517,Chair 119,sports,440.76
2518,Notebook 668,garden,14.05
2519,Chair 547,garden,362.43
2520,Kettle 437,sports,400.32
2521,Lamp 867,books,499.94
2522,Chair 183,home,235.37
2523,Speaker 741,toys,498.19
2524,Kettle 745,sports,365.68
2525,Lamp 318,books,141.25
2526,Speaker 837,electronics,12.40
2527,Notebook 370,home,351.28
2528,Chair 109,books,462.10
2529,Speaker 182,sports,251.03
2530,Notebook 217,toys,155.33
2531,Backpack 345,sports,81.19
2532,Lamp 794,books,143.55
2533,Chair 655,electronics,456.65
2534,Notebook 771,books,3.19
2535,Kettle 507,books,400.93
2536,Speaker 526,garden,382.18
2537,Kettle 760,toys,211.67
2538,Chair 726,home,155.14
2539,Lamp 628,sports,349.45
2540,Kettle 109,electronics,97.37
2541,Lamp 638,toys,490.91
2542,Chair 733,electronics,429.30
2543,Lamp 485,sports,483.82
2544,Chair 439,garden,196.63
2545,Speaker 870,books,219.16
2546,Speaker 892,toys,333.70
2547,Kettle 280,electronics,292.97
2548,Speaker 187,sports,39.85
2549,Kettle 209,home,212.20
2550,Speaker 286,electronics,168.59
2551,Notebook 960,toys,415.80
2552,Kettle 569,home,38.95
2553,Chair 377,electronics,318.14
2554,Notebook 260,sports,211.20
2555,Notebook 611,sports,18.35
2556,Speaker 419,home,50.78
2557,Notebook 631,toys,306.07
2558,Speaker 996,home,375.49
2559,Lamp 781,toys,316.14
2560,Chair 154,home,348.35
2561,Kettle 803,electronics,49.38
2562,Lamp 740,garden,266.84
2563,Backpack 248,home,240.75
2564,Backpack 549,home,84.99
2565,Backpack 374,home,187.05
2566,Backpack 275,books,361.61
2567,Lamp 192,home,453.39
2568,Backpack 734,books,198.47
2569,Lamp 914,toys,492.79
2570,Backpack 941,home,459.79
2571,Kettle 944,garden,21.86
2572,Backpack 919,books,246.43
2573,Kettle 675,garden,269.19
2574,Notebook 211,electronics,261.94
2575,Notebook 926,sports,250.59
2576,Kettle 539,sports,482.70
2577,Backpack 642,books,457.95
2578,Notebook 662,garden,463.44
2579,Lamp 430,sports,265.82
2580,Kettle 359,home,156.11
2581,Lamp 226,books,19.62
2582,Lamp 339,toys,284.57
2583,Kettle 325,garden,389.00
2584,Backpack 831,home,254.65
2585,Notebook 857,electronics,199.11
2586,Speaker 926,books,269.01
2587,Notebook 374,home,221.33
2588,Notebook 318,sports,378.96
2589,Kettle 395,toys,361.74
2590,Chair 166,toys,221.12
2591,Kettle 201,electronics,226.31
2592,Notebook 745,garden,227.33
2593,Chair 943,toys,24.66
2594,Kettle 698,electronics,298.17
2595,Speaker 286,toys,102.29
2596,Speaker 117,sports,43.33
2597,Kettle 601,sports,454.83
2598,Kettle 234,books,473.81
2599,Chair 946,garden,328.66
2600,Speaker 639,books,498.18
2601,Chair 175,books,309.19
2602,Speaker 364,electronics,46.54
2603,Lamp 450,books,62.16
2604,Notebook 335,electronics,375.77
2605,Speaker 526,books,256.06
2606,Chair 989,home,249.50
2607,Speaker 590,toys,145.19
2608,Speaker 705,sports,27.67
2609,Backpack 524,home,16.90
2610,Backpack 250,home,136.86
2611,Backpack 486,books,465.61
2612,Kettle 674,sports,237.97
2613,Chair 313,sports,377.74
2614,Lamp 138,home,293.42
2615,Kettle 208,home,483.43
2616,Lamp 656,garden,246.00
2617,Backpack 514,toys,232.51
2618,Notebook 480,toys,240.30
2619,Speaker 487,sports,493.61
2620,Speaker 163,sports,217.96
2621,Kettle 527,sports,412.87
2622,Lamp 519,books,149.01
2623,Notebook 154,sports,249.64
2624,Notebook 572,electronics,411.91
2625,Notebook 826,garden,262.39
2626,Backpack 751,electronics,347.43
2627,Chair 288,books,317.04
2628,Speaker 907,books,446.93
2629,Notebook 260,electronics,182.11
2630,Notebook 536,sports,40.24
2631,Chair 210,books,487.45
2632,Chair 896,garden,431.01
2633,Lamp 784,sports,84.26
2634,Notebook 518,electronics,477.73
2635,Backpack 134,books,382.80
2636,Lamp 319,garden,484.20
2637,Chair 945,sports,133.02
2638,Lamp 762,sports,113.30
2639,Lamp 852,books,133.75
2640,Kettle 282,books,360.85
2641,Speaker 647,electronics,60.29
2642,Backpack 737,books,497.95
2643,Kettle 103,toys,315.14
2644,Chair 833,garden,102.22
2645,Chair 347,books,426.79
2646,Lamp 729,books,202.07
2647,Chair 587,home,385.92
2648,Speaker 266,garden,250.29
2649,Lamp 751,garden,114.13
2650,Notebook 579,sports,249.18
2651,Backpack 917,home,471.67
2652,Kettle 612,garden,198.86
2653,Chair 816,garden,427.68
2654,Lamp 350,books,74.26
2655,Kettle 812,books,113.93
2656,Notebook 773,garden,381.16
2657,Lamp 914,home,466.12
2658,Speaker 251,books,2.29
2659,Kettle 289,sports,78.65
2660,Kettle 869,home,337.30
2661,Notebook 958,garden,174.37
2662,Lamp 505,books,274.08
2663,Lamp 721,toys,407.71
2664,Backpack 234,books,457.84
2665,Kettle 595,garden,476.17
2666,Speaker 462,garden,116.25
2667,Backpack 761,sports,376.81
2668,Notebook 556,sports,18.94
2669,Chair 674,home,233.37
2670,Chair 767,sports,109.00
2671,Notebook 790,books,365.27
2672,Notebook 366,sports,384.34
2673,Chair 487,toys,92.30
2674,Speaker 430,home,378.38
2675,Backpack 368,sports,276.92
2676,Lamp 260,home,71.73
2677,Kettle 811,sports,42.09
2678,Notebook 306,electronics,158.97
2679,Lamp 603,home,380.88
2680,Kettle 797,home,361.16
2681,Backpack 884,home,338.36
2682,Lamp 497,garden,489.08
2683,Lamp 260,books,161.83
2684,Kettle 986,books,20.04
2685,Kettle 471,home,160.91
2686,Chair 778,garden,247.54
2687,Lamp 723,sports,490.18
2688,Speaker 683,electronics,95.45
2689,Kettle 337,garden,157.80
2690,Notebook 275,books,244.28
2691,Kettle 288,toys,192.92
2692,Notebook 738,toys,69.97
2693,Backpack 171,toys,430.62
2694,Chair 617,toys,248.09
2695,Notebook 141,sports,14.34
2696,Speaker 343,toys,406.18
2697,Backpack 280,garden,270.11
2698,Chair 294,books,320.26
2699,Speaker 910,toys,167.38
2700,Kettle 827,sports,137.01
2701,Chair 359,sports,228.31
2702,Chair 582,books,159.06
2703,Kettle 604,home,341.84
2704,Notebook 968,home,373.22
2705,Speaker 227,garden,29.31
2706,Backpack 225,sports,383.02
2707,Chair 322,sports,406.14
2708,Backpack 515,books,130.76
2709,Speaker 451,sports,78.88
2710,Speaker 569,home,478.36
2711,Backpack 902,garden,229.19
2712,Speaker 391,toys,17.37
2713,Kettle 338,books,438.86
2714,Kettle 637,toys,304.32
2715,Lamp 404,home,14.52
2716,Speaker 474,electronics,117.88
2717,Speaker 107,garden,23.10
2718,Backpack 780,toys,65.77
2719,Lamp 332,toys,124.27
2720,Speaker 883,toys,196.03
2721,Notebook 758,books,212.10
2722,Backpack 994,sports,6.47
2723,Speaker 518,garden,207.50
2724,Backpack 772,books,128.34
2725,Notebook 757,sports,294.32
2726,Chair 282,toys,310.99
2727,Chair 210,sports,297.65
2728,Speaker 980,home,88.92
2729,Notebook 508,sports,88.56
2730,Kettle 126,books,280.59
2731,Speaker 145,books,294.31
2732,Chair 132,books,320.12
2733,Chair 883,home,125.81
2734,Notebook 293,electronics,333.04
2735,Notebook 689,toys,411.82
2736,Chair 960,electronics,53.80
2737,Notebook 900,home,34.43
2738,Chair 400,sports,132.04
2739,Speaker 197,electronics,399.87
2740,Notebook 681,electronics,384.21
2741,Chair 174,garden,407.74
2742,Kettle 530,toys,235.58
2743,Backpack 668,books,57.58
2744,Speaker 745,toys,219.75
2745,Speaker 282,toys,212.20
2746,Kettle 123,toys,64.40
2747,Backpack 418,toys,44.07
2748,Notebook 436,garden,438.11
2749,Notebook 418,toys,364.17
2750,Chair 715,sports,436.80
2751,Speaker 941,sports,424.16
2752,Backpack 999,sports,343.04
2753,Lamp 410,sports,439.53
2754,Chair 144,garden,379.73
2755,Notebook 751,toys,486.01
2756,Kettle 534,electronics,229.86
2757,Kettle 234,toys,479.05
2758,Kettle 132,books,14.69
2759,Notebook 160,garden,479.03
2760,Speaker 961,electronics,423.69
2761,Chair 218,books,173.44
2762,Chair 781,garden,102.27
2763,Speaker 457,sports,447.96
2764,Chair 125,garden,83.89
2765,Backpack 621,books,107.01
2766,Backpack 395,sports,314.30
2767,Backpack 556,garden,176.47
2768,Speaker 419,garden,393.59
2769,Chair 326,books,294.70
2770,Speaker 908,toys,149.58
2771,Backpack 788,garden,326.69
2772,Lamp 828,electronics,259.80
2773,Backpack 996,home,201.36
2774,Kettle 124,toys,97.87
2775,Chair 929,garden,81.32
2776,Notebook 655,books,322.54
2777,Notebook 477,garden,1.36
2778,Speaker 382,garden,128.59
2779,Speaker 816,home,234.96
2780,Lamp 498,books,417.94
2781,Backpack 475,books,267.89
2782,Chair 387,home,400.67
2783,Notebook 699,home,450.65
2784,Notebook 689,home,112.61
2785,Notebook 783,sports,27.31
2786,Notebook 338,toys,439.60
2787,Chair 622,sports,9.17
2788,Backpack 688,garden,174.62
2789,Lamp 536,electronics,497.81
2790,Lamp 261,electronics,145.29
2791,Notebook 368,toys,401.63
2792,Backpack 657,home,405.63
2793,Backpack 633,home,363.22
2794,Chair 801,electronics,156.27
2795,Notebook 238,garden,165.73
2796,Notebook 551,sports,204.43
2797,Kettle 960,garden,28.12
2798,Backpack 974,home,361.81
2799,Notebook 838,sports,248.65
2800,Notebook 608,books,26.77
2801,Notebook 557,sports,312.39
2802,Kettle 986,electronics,480.13
2803,Speaker 475,garden,356.08
2804,Chair 555,home,43.83
2805,Kettle 131,toys,89.73
2806,Notebook 771,garden,107.44
2807,Lamp 218,electronics,217.37
2808,Kettle 192,garden,153.51
2809,Lamp 120,sports,22.81
2810,Notebook 446,toys,15.33
2811,Backpack 280,sports,20.03
2812,Notebook 470,electronics,162.18
2813,Notebook 902,books,441.11
2814,Notebook 475,garden,64.90
2815,Chair 808,electronics,486.78
2816,Backpack 385,toys,427.33
2817,Notebook 369,home,262.91
2818,Lamp 982,toys,233.16
2819,Lamp 647,garden,47.36
2820,Lamp 761,electronics,92.56
2821,Notebook 213,toys,86.60
2822,Backpack 453,toys,110.37
2823,Chair 812,home,101.41
2824,Backpack 929,garden,319.24
2825,Kettle 986,books,70.52
2826,Chair 670,sports,488.22
2827,Lamp 577,home,420.73
2828,Kettle 155,books,493.27
2829,Notebook 214,garden,152.41
2830,Lamp 518,books,72.68
2831,Backpack 978,home,26.88
2832,Chair 267,books,116.10
2833,Lamp 117,toys,408.21
2834,Notebook 253,home,34.04
2835,Speaker 508,books,179.64
2836,Backpack 327,toys,54.45
2837,Backpack 721,garden,473.91
2838,Notebook 588,electronics,312.09
2839,Chair 773,home,261.98
2840,Kettle 156,sports,354.63
2841,Backpack 430,garden,421.15
2842,Lamp 308,home,296.62
2843,Notebook 754,sports,483.39
2844,Chair 901,home,23.50
2845,Backpack 659,books,141.68
2846,Notebook 799,electronics,207.99
2847,Kettle 723,electronics,160.94
2848,Speaker 735,toys,423.63
2849,Backpack 384,sports,375.07
2850,Speaker 943,sports,179.28
2851,Notebook 649,electronics,88.99
2852,Speaker 403,home,261.37
2853,Lamp 992,toys,34.99
2854,Kettle 399,electronics,102.15
2855,Notebook 410,garden,153.20
2856,Kettle 900,books,287.31
2857,Backpack 640,sports,211.70
2858,Backpack 460,home,151.76
2859,Notebook 262,garden,312.49
2860,Speaker 929,books,229.02
2861,Lamp 762,sports,171.24
2862,Backpack 502,home,236.73
2863,Speaker 540,home,222.19
2864,Notebook 578,toys,428.42
2865,Notebook 371,electronics,388.15
2866,Kettle 876,sports,337.61
2867,Speaker 479,home,356.35
2868,Speaker 588,books,104.94
2869,Chair 975,sports,133.13
2870,Speaker 582,garden,198.70
2871,Backpack 158,electronics,219.72
2872,Backpack 117,garden,357.69
2873,Notebook 459,toys,308.77
2874,Notebook 155,toys,394.29
2875,Notebook 148,toys,492.58
2876,Speaker 592,books,254.51
2877,Speaker 511,sports,374.54
2878,Kettle 620,home,290.83
2879,Notebook 789,electronics,344.47
2880,Notebook 466,books,182.57
2881,Lamp 426,garden,254.53
2882,Speaker 735,garden,137.71
2883,Backpack 463,garden,288.57
2884,Notebook 776,electronics,423.93
2885,Speaker 306,sports,381.20
2886,Notebook 616,garden,369.12
2887,Chair 272,sports,323.01
2888,Lamp 185,home,186.72
2889,Backpack 510,garden,345.27
2890,Backpack 983,sports,350.38
2891,Lamp 427,garden,132.50
2892,Kettle 228,toys,399.29
2893,Speaker 348,sports,499.75
2894,Chair 750,garden,409.95
2895,Speaker 454,electronics,306.19
2896,Speaker 981,books,366.66
2897,Backpack 260,home,311.92
2898,Lamp 920,garden,383.98
2899,Backpack 782,sports,366.43
2900,Notebook 936,home,398.20
2901,Backpack 398,electronics,169.34
2902,Lamp 256,electronics,437.06
2903,Chair 126,toys,212.66
2904,Speaker 290,electronics,63.04
2905,Chair 505,electronics,235.67
2906,Lamp 509,toys,277.02
2907,Speaker 358,sports,153.07
2908,Lamp 421,home,273.22
2909,Lamp 687,electronics,210.25
2910,Chair 662,books,364.02
2911,Speaker 631,sports,300.68
2912,Chair 701,toys,185.62
2913,Kettle 437,electronics,234.13
2914,Speaker 324,home,72.01
2915,Backpack 728,books,174.23
2916,Kettle 427,garden,10.96
2917,Chair 472,toys,263.98
2918,Lamp 263,home,432.66
2919,Kettle 632,sports,14.72
2920,Lamp 547,electronics,480.95
2921,Lamp 287,toys,67.22
2922,Speaker 157,toys,84.43
2923,Notebook 744,home,14.79
2924,Chair 511,garden,288.29
2925,Backpack 441,sports,291.14
2926,Backpack 875,sports,180.99
2927,Lamp 298,books,184.45
2928,Speaker 353,books,422.83
2929,Notebook 728,electronics,221.61
2930,Speaker 563,books,432.51
2931,Kettle 220,sports,126.44
2932,Backpack 958,sports,317.66
2933,Chair 414,electronics,88.34
2934,Backpack 119,electronics,395.02
2935,Chair 222,garden,489.22
2936,Backpack 794,electronics,154.71
2937,Lamp 116,books,164.94
2938,Notebook 468,garden,463.81
2939,Kettle 632,electronics,177.24
2940,Backpack 389,home,393.84
2941,Notebook 502,sports,173.97
2942,Kettle 255,home,375.28
2943,Chair 426,books,271.94
2944,Chair 254,garden,15.08
2945,Notebook 614,sports,22.96
2946,Speaker 274,books,310.90
2947,Chair 593,sports,389.47
2948,Backpack 157,electronics,58.77
2949,Notebook 649,sports,154.98
2950,Kettle 768,sports,145.49
2951,Lamp 896,sports,45.65
2952,Notebook 339,electronics,153.74
2953,Backpack 932,books,11.59
2954,Speaker 865,home,337.88
2955,Notebook 805,books,492.85
2956,Backpack 583,home,422.41
2957,Kettle 144,sports,175.35
2958,Lamp 401,garden,328.97
2959,Backpack 457,electronics,159.27
2960,Kettle 686,electronics,9.89
2961,Backpack 943,toys,213.54
2962,Chair 747,toys,394.33
2963,Notebook 131,garden,466.00
2964,Kettle 407,toys,480.17
2965,Speaker 282,home,444.55
2966,Notebook 143,electronics,450.88
2967,Speaker 222,garden,484.25
2968,Lamp 410,home,324.34
2969,Lamp 768,sports,390.66
2970,Speaker 510,electronics,68.98
2971,Speaker 943,garden,277.02
2972,Kettle 524,toys,102.98
2973,Backpack 537,electronics,268.09
2974,Backpack 164,garden,238.90
2975,Notebook 632,books,481.98
2976,Speaker 895,home,400.24
2977,Chair 235,electronics,53.13
2978,Lamp 586,garden,107.45
2979,Backpack 188,sports,448.31
2980,Lamp 184,books,189.58
2981,Kettle 517,garden,298.84
2982,Chair 473,garden,207.67
2983,Kettle 924,home,169.52
2984,Speaker 223,sports,259.72
2985,Backpack 454,sports,54.47
2986,Speaker 706,books,84.60
2987,Chair 661,electronics,278.65
2988,Chair 423,home,19.79
2989,Speaker 926,sports,415.93
2990,Backpack 450,home,77.77
2991,Lamp 367,sports,249.49
2992,Kettle 131,books,410.36
2993,Chair 906,toys,429.92
2994,Speaker 519,toys,426.76
2995,Speaker 380,toys,110.21
2996,Chair 690,toys,170.64
2997,Notebook 876,toys,229.94
2998,Chair 603,sports,218.91
2999,Backpack 308,electronics,97.08
3000,Notebook 575,home,234.48
3001,Speaker 397,home,258.34
3002,Chair 170,home,294.97
3003,Backpack 248,home,166.12
3004,Speaker 398,home,206.33
3005,Kettle 173,home,453.27
3006,Notebook 695,garden,357.68
3007,Backpack 507,home,355.84
3008,Chair 344,electronics,151.88
3009,Chair 527,garden,31.41
3010,Backpack 974,books,96.72
3011,Lamp 211,toys,308.48
3012,Chair 591,sports,299.34
3013,Chair 646,home,412.95
3014,Backpack 337,toys,243.13
3015,Kettle 506,books,420.99
3016,Notebook 562,home,65.19
3017,Backpack 163,garden,283.79
3018,Backpack 349,electronics,29.00
3019,Backpack 211,electronics,159.51
3020,Lamp 306,toys,10.10
3021,Lamp 642,home,424.87
3022,Lamp 236,toys,293.46
3023,Backpack 824,toys,118.82
3024,Kettle 480,sports,160.93
3025,Chair 270,sports,80.73
3026,Speaker 174,toys,374.93
3027,Chair 212,garden,288.75
3028,Notebook 234,home,323.70
3029,Speaker 687,garden,380.40
3030,Lamp 897,electronics,31.07
3031,Chair 930,home,423.05
3032,Kettle 776,sports,221.28
3033,Notebook 677,garden,473.19
3034,Lamp 889,electronics,449.29
3035,Backpack 683,garden,77.80
3036,Speaker 127,home,321.77
3037,Notebook 535,sports,316.80
3038,Chair 690,electronics,386.99
3039,Kettle 656,books,115.72
3040,Backpack 824,electronics,361.60
3041,Speaker 738,books,205.29
3042,Kettle 217,books,164.55
3043,Backpack 668,sports,200.39
3044,Speaker 457,sports,38.92
3045,Backpack 811,books,162.61
3046,Speaker 840,garden,425.58
3047,Speaker 643,electronics,172.21
3048,Chair 423,garden,62.99
3049,Notebook 366,toys,237.42
3050,Backpack 142,electronics,53.45
3051,Backpack 156,garden,227.26
3052,Notebook 791,toys,157.84
3053,Speaker 553,sports,397.38
3054,Chair 351,toys,70.73
3055,Backpack 803,electronics,172.21
3056,Kettle 361,books,478.75
3057,Kettle 771,home,162.55
3058,Speaker 747,home,28.39
3059,Speaker 318,garden,67.38
3060,Chair 352,toys,346.17
3061,Speaker 345,electronics,375.05
3062,Chair 340,home,339.55
3063,Lamp 839,books,431.65
3064,Lamp 872,sports,398.49
3065,Notebook 789,sports,296.00
3066,Chair 566,sports,461.34
3067,Kettle 699,sports,270.60
3068,Backpack 151,garden,258.76
3069,Lamp 409,electronics,145.34
3070,Speaker 690,garden,287.64
3071,Speaker 931,home,301.68
3072,Speaker 382,toys,44.78
3073,Notebook 910,garden,250.18
3074,Backpack 465,garden,51.09
3075,Notebook 800,books,326.13
3076,Speaker 951,toys,223.78
3077,Chair 655,toys,168.66
3078,Kettle 715,garden,325.37
3079,Notebook 699,toys,16.81
3080,Notebook 111,books,146.73
3081,Chair 952,electronics,394.86
3082,Speaker 228,toys,314.35
3083,Kettle 514,electronics,349.08
3084,Backpack 763,electronics,338.01
3085,Kettle 856,home,264.30
3086,Kettle 521,home,123.27
3087,Speaker 755,toys,456.42
3088,Chair 993,electronics,402.45
3089,Lamp 197,home,71.86
3090,Notebook 352,sports,214.74
3091,Backpack 410,sports,191.73
3092,Backpack 754,toys,87.37
3093,Speaker 165,toys,180.84
3094,Notebook 416,electronics,152.40
3095,Speaker 601,garden,150.88
3096,Notebook 214,home,364.36
3097,Notebook 268,home,157.05
3098,Speaker 838,garden,12.96
3099,Notebook 426,books,357.30
3100,Chair 876,electronics,346.37
3101,Chair 784,books,245.36
3102,Kettle 418,electronics,386.67
3103,Lamp 206,home,373.25
3104,Lamp 827,electronics,466.06
3105,Backpack 971,toys,287.50
3106,Lamp 836,home,26.87
3107,Chair 734,books,329.93
3108,Backpack 420,home,132.79
3109,Lamp 850,books,491.66
3110,Chair 834,electronics,469.71
3111,Notebook 457,sports,76.21
3112,Lamp 562,home,88.97
3113,Kettle 969,garden,63.96
3114,Kettle 443,home,355.93
3115,Chair 223,electronics,92.99
3116,Speaker 246,electronics,105.34
3117,Notebook 616,electronics,421.26
3118,Backpack 245,sports,125.16
3119,Chair 585,home,146.53
3120,Chair 722,home,140.92
3121,Backpack 441,sports,136.16
3122,Speaker 599,home,170.38
3123,Speaker 220,sports,409.05
3124,Speaker 871,garden,65.54
3125,Notebook 310,sports,418.03
3126,Lamp 532,garden,220.72
3127,Speaker 476,electronics,335.09
3128,Notebook 864,toys,328.45
3129,Chair 190,electronics,311.89
3130,Lamp 806,garden,138.93
3131,Notebook 689,sports,28.62
3132,Speaker 702,garden,102.99
3133,Lamp 173,garden,293.67
3134,Backpack 348,electronics,1.84
3135,Notebook 415,toys,96.67
3136,Speaker 449,home,7.49
3137,Speaker 391,garden,384.84
3138,Chair 467,sports,495.00
3139,Notebook 974,electronics,383.77
3140,Lamp 631,sports,106.01
3141,Lamp 209,home,124.93
3142,Notebook 161,sports,194.70
3143,Backpack 880,electronics,459.64
3144,Backpack 685,home,421.12
3145,Backpack 199,toys,493.25
3146,Speaker 895,home,254.65
3147,Chair 597,home,419.69
3148,Backpack 223,electronics,339.07
3149,Speaker 457,books,367.35
3150,Lamp 518,electronics,189.95
3151,Lamp 539,electronics,119.08
3152,Backpack 985,books,490.67
3153,Backpack 249,toys,440.42
3154,Speaker 239,books,93.22
3155,Kettle 840,books,234.58
3156,Kettle 399,garden,389.08
3157,Backpack 538,books,183.42
3158,Chair 887,toys,26.39
3159,Backpack 701,garden,96.63
3160,Backpack 810,toys,119.59
3161,Notebook 463,books,323.71
3162,Speaker 613,sports,42.96
3163,Lamp 317,toys,57.52
3164,Chair 181,home,140.86
3165,Lamp 876,sports,458.70
3166,Notebook 548,electronics,365.27
3167,Lamp 605,sports,97.74
3168,Speaker 551,garden,63.95
3169,Kettle 413,home,308.35
3170,Lamp 675,books,407.42
3171,Kettle 474,toys,95.57
3172,Speaker 100,home,197.14
3173,Speaker 182,electronics,219.54
3174,Chair 846,electronics,464.45
3175,Kettle 743,electronics,85.98
3176,Lamp 243,books,141.99
3177,Chair 393,electronics,265.65
3178,Kettle 333,home,94.67
3179,Backpack 550,toys,331.66
3180,Speaker 807,garden,283.28
3181,Kettle 800,toys,35.96
3182,Speaker 484,garden,225.64
3183,Notebook 462,books,54.71
3184,Notebook 319,garden,488.32
3185,Chair 686,sports,457.59
3186,Kettle 220,electronics,71.21
3187,Speaker 254,sports,383.67
3188,Lamp 970,home,244.55
3189,Speaker 656,books,404.12
3190,Kettle 172,books,52.58
3191,Lamp 147,garden,204.39
3192,Notebook 471,garden,14.00
3193,Notebook 536,toys,248.05
3194,Speaker 629,toys,442.16
3195,Notebook 640,sports,77.45
3196,Lamp 790,toys,284.07
3197,Speaker 593,garden,362.48
3198,Kettle 703,toys,114.80
3199,Backpack 898,electronics,183.45
3200,Notebook 527,sports,3.81
3201,Notebook 283,sports,35.58
3202,Backpack 534,toys,398.63
3203,Notebook 944,garden,62.84
3204,Lamp 553,sports,379.39
3205,Speaker 902,toys,172.88
3206,Notebook 684,home,229.04
3207,Speaker 824,electronics,458.67
3208,Kettle 968,books,253.70
3209,Backpack 877,toys,397.20
3210,Kettle 621,books,25.97
3211,Notebook 508,toys,254.93
3212,Chair 762,electronics,108.15
3213,Notebook 420,books,498.89
3214,Backpack 592,electronics,148.58
3215,Speaker 853,books,4.20
3216,Speaker 224,toys,130.79
3217,Kettle 974,home,168.24
3218,Speaker 549,books,18.66
3219,Backpack 299,garden,463.78
3220,Speaker 126,toys,95.53
3221,Kettle 522,sports,424.39
3222,Backpack 341,toys,57.99
3223,Lamp 710,toys,173.24
3224,Chair 830,books,206.25
3225,Kettle 615,garden,58.21
3226,Speaker 408,home,22.90
3227,Kettle 116,sports,35.06
3228,Chair 257,electronics,444.17
3229,Lamp 504,sports,447.65
3230,Lamp 276,home,378.59
3231,Backpack 605,home,434.16
3232,Notebook 194,electronics,106.75
3233,Chair 860,garden,19.95
3234,Speaker 327,toys,443.90
3235,Kettle 110,sports,405.03
3236,Kettle 307,sports,448.95
3237,Backpack 630,books,53.62
3238,Lamp 600,toys,182.87
3239,Notebook 799,sports,341.95
3240,Lamp 155,toys,311.44
3241,Lamp 585,home,180.41
3242,Lamp 521,home,439.19
3243,Kettle 425,electronics,198.35
3244,Notebook 360,sports,481.54
3245,Notebook 817,books,243.45
3246,Chair 285,home,66.09
3247,Lamp 355,home,101.90
3248,Notebook 331,books,35.95
3249,Speaker 774,garden,103.66
3250,Kettle 708,sports,217.36
3251,Kettle 739,home,301.21
3252,Backpack 538,electronics,35.04
3253,Kettle 120,electronics,61.50
3254,Notebook 134,garden,315.17
3255,Lamp 263,sports,337.88
3256,Kettle 470,books,307.55
3257,Notebook 106,electronics,121.04
3258,Speaker 370,books,450.68
3259,Backpack 302,electronics,367.06
3260,Chair 857,garden,481.17
3261,Lamp 179,garden,131.34
3262,Chair 322,sports,89.69
3263,Kettle 860,toys,96.09
3264,Lamp 437,books,406.35
3265,Backpack 663,books,365.05
3266,Notebook 349,books,464.73
3267,Chair 912,sports,278.91
3268,Backpack 375,books,198.71
3269,Backpack 662,garden,106.84
3270,Chair 896,toys,323.42
3271,Notebook 381,electronics,166.54
3272,Speaker 726,garden,42.53
3273,Chair 427,books,353.09
3274,Kettle 253,home,75.63
3275,Chair 843,home,80.06
3276,Chair 267,garden,37.64
3277,Kettle 742,electronics,123.37
3278,Lamp 330,garden,465.47
3279,Speaker 570,books,365.87
3280,Notebook 552,books,187.10
3281,Backpack 694,books,399.94
3282,Speaker 151,toys,366.09
3283,Kettle 734,electronics,309.93
3284,Notebook 991,books,435.30
3285,Chair 838,sports,389.52
3286,Backpack 398,home,350.91
3287,Speaker 845,electronics,80.27
3288,Notebook 622,sports,34.12
3289,Lamp 924,toys,83.34
3290,Kettle 372,garden,451.68
3291,Speaker 543,electronics,329.33
3292,Backpack 916,electronics,15.11
3293,Lamp 741,sports,302.08
3294,Lamp 307,electronics,137.46
3295,Lamp 592,books,168.37
3296,Kettle 658,garden,14.36
3297,Kettle 986,garden,465.63
3298,Chair 204,home,82.24
3299,Speaker 284,electronics,491.46
3300,Lamp 857,books,130.92
3301,Speaker 924,home,193.33
3302,Backpack 709,sports,421.20
3303,Kettle 805,electronics,243.30
3304,Chair 384,home,150.77
3305,Chair 804,garden,492.74
3306,Speaker 821,books,351.64
3307,Lamp 815,electronics,42.00
3308,Kettle 796,sports,338.97
3309,Kettle 281,sports,484.61
3310,Kettle 649,garden,108.01
3311,Lamp 887,home,372.95
3312,Speaker 674,sports,206.74
3313,Notebook 954,garden,78.44
3314,Notebook 803,garden,279.72
3315,Speaker 155,electronics,247.30
3316,Backpack 884,sports,353.20
3317,Notebook 766,books,306.24
3318,Speaker 402,toys,272.71
3319,Notebook 282,home,240.94
3320,Notebook 862,sports,470.67
3321,Notebook 894,toys,17.31
3322,Chair 425,books,118.87
3323,Notebook 759,electronics,138.76
3324,Speaker 734,garden,141.23
3325,Backpack 312,home,146.76
3326,Speaker 412,garden,62.27
3327,Speaker 348,garden,372.06
3328,Chair 115,toys,217.87
3329,Lamp 894,toys,251.64
3330,Lamp 660,sports,71.28
3331,Kettle 606,home,295.72
3332,Notebook 913,home,17.12
3333,Backpack 199,books,447.23
3334,Notebook 491,home,433.09
3335,Notebook 437,books,196.24
3336,Speaker 902,books,458.45
3337,Kettle 454,sports,173.33
3338,Lamp 230,books,284.53
3339,Lamp 657,electronics,4.05
3340,Chair 192,home,448.27
3341,Lamp 666,garden,64.22
3342,Speaker 662,home,150.89
3343,Backpack 197,sports,401.23
3344,Backpack 707,books,41.55
3345,Chair 163,garden,139.67
3346,Speaker 746,garden,223.32
3347,Speaker 533,sports,499.12
3348,Chair 211,electronics,79.89
3349,Lamp 160,home,166.66
3350,Notebook 319,electronics,16.05
3351,Backpack 356,books,1.93
3352,Chair 377,home,132.19
3353,Notebook 933,books,290.42
3354,Backpack 425,home,34.41
3355,Speaker 436,books,259.46
3356,Notebook 173,home,499.68
3357,Chair 762,garden,323.90
3358,Backpack 407,toys,193.10
3359,Lamp 498,books,495.85
3360,Backpack 248,electronics,160.26
3361,Speaker 898,home,415.65
3362,Speaker 463,toys,85.67
3363,Lamp 619,sports,96.93
3364,Speaker 270,sports,382.95
3365,Chair 232,home,187.08
3366,Notebook 199,toys,297.40
3367,Speaker 858,toys,279.94
3368,Lamp 909,toys,451.26
3369,Backpack 775,home,229.89
3370,Speaker 268,garden,201.32
3371,Lamp 253,garden,208.12
3372,Lamp 821,garden,298.00
3373,Backpack 601,sports,458.25
3374,Backpack 323,garden,383.09
3375,Backpack 207,garden,102.88
3376,Speaker 159,electronics,22.22
3377,Speaker 607,electronics,367.49
3378,Kettle 586,garden,252.95
3379,Chair 492,sports,61.28
3380,Notebook 686,sports,367.09
3381,Speaker 472,toys,240.27
3382,Backpack 681,sports,468.14
3383,Chair 342,toys,290.27
3384,Lamp 561,toys,476.46
3385,Speaker 499,books,140.63
3386,Kettle 267,garden,71.36
3387,Chair 639,garden,333.78
3388,Notebook 523,toys,459.11
3389,Notebook 198,home,2.55
3390,Speaker 112,toys,412.56
3391,Speaker 678,toys,174.22
3392,Backpack 460,books,490.74
3393,Speaker 405,sports,338.00
3394,Notebook 627,toys,314.08
3395,Speaker 949,sports,424.07
3396,Chair 878,electronics,484.10
3397,Chair 704,garden,296.29
3398,Chair 655,home,268.03
3399,Speaker 250,toys,68.24
3400,Chair 340,sports,350.05
3401,Speaker 270,books,396.15
3402,Backpack 320,garden,327.07
3403,Speaker 652,books,462.51
3404,Notebook 293,toys,441.68
3405,Lamp 410,garden,128.16
3406,Kettle 416,sports,5.54
3407,Lamp 657,garden,211.54
3408,Chair 986,toys,2.18
3409,Lamp 612,sports,187.60
3410,Backpack 537,books,437.99
3411,Speaker 786,sports,57.34
3412,Backpack 147,toys,294.52
3413,Lamp 328,books,401.93
3414,Backpack 382,garden,91.47
3415,Lamp 977,electronics,60.17
3416,Backpack 466,sports,126.40
3417,Lamp 432,toys,114.63
3418,Backpack 951,books,384.17
3419,Lamp 489,garden,80.77
3420,Kettle 524,books,133.98
3421,Chair 334,electronics,494.91
3422,Notebook 629,home,437.58
3423,Kettle 518,sports,361.41
3424,Speaker 129,sports,362.65
3425,Chair 225,toys,170.37
3426,Lamp 175,home,167.96
3427,Kettle 421,toys,137.06
3428,Speaker 818,toys,45.61
3429,Backpack 176,garden,395.54
3430,Chair 282,electronics,65.51
3431,Lamp 475,sports,165.50
3432,Speaker 888,garden,341.72
3433,Speaker 847,sports,389.04
3434,Lamp 465,sports,368.36
3435,Backpack 233,toys,100.14
3436,Lamp 791,toys,1.52
3437,Lamp 776,books,178.67
3438,Notebook 297,books,206.45
3439,Speaker 339,sports,317.26
3440,Chair 655,sports,491.25
3441,Kettle 775,toys,166.36
3442,Notebook 869,electronics,281.58
3443,Kettle 446,home,158.27
3444,Notebook 326,sports,372.12
3445,Notebook 690,sports,494.34
3446,Chair 316,books,11.17
3447,Speaker 471,garden,381.53
3448,Chair 598,toys,352.97
3449,Lamp 139,toys,240.95
3450,Notebook 276,home,84.03
3451,Notebook 997,home,191.11
3452,Speaker 458,garden,378.93
3453,Chair 587,books,147.32
3454,Chair 207,electronics,153.44
3455,Backpack 992,electronics,110.61
3456,Kettle 611,home,385.22
3457,Speaker 458,electronics,396.41
3458,Backpack 272,sports,499.05
3459,Kettle 542,garden,48.52
3460,Backpack 270,garden,200.73
3461,Notebook 749,home,240.97
3462,Lamp 496,electronics,345.97
3463,Kettle 548,toys,160.59
3464,Notebook 485,toys,187.59
3465,Speaker 879,sports,152.22
3466,Chair 108,toys,378.93
3467,Backpack 920,home,84.50
3468,Kettle 164,books,280.73
3469,Lamp 454,electronics,247.84
3470,Backpack 823,books,498.31
3471,Speaker 789,books,151.80
3472,Lamp 786,garden,215.54
3473,Notebook 826,books,109.10
3474,Backpack 704,home,108.91
3475,Lamp 580,electronics,311.11
3476,Speaker 876,home,365.71
3477,Lamp 809,garden,422.49
3478,Chair 446,home,234.67
3479,Backpack 342,sports,458.78
3480,Kettle 725,home,172.85
3481,Notebook 400,garden,369.86
3482,Chair 442,garden,248.98
3483,Chair 591,electronics,288.44
3484,Notebook 861,electronics,320.68
3485,Chair 868,garden,393.52
3486,Kettle 642,sports,184.68
3487,Notebook 104,home,301.03
3488,Chair 721,home,468.14
3489,Lamp 869,books,246.49
3490,Kettle 405,electronics,113.50
3491,Speaker 130,garden,13.68
3492,Speaker 133,electronics,219.63
3493,Lamp 992,home,359.40
3494,Notebook 849,home,415.73
3495,Notebook 350,sports,255.79
3496,Notebook 302,garden,98.98
3497,Speaker 680,garden,244.02
3498,Lamp 348,electronics,241.64
3499,Notebook 751,sports,454.01
3500,Backpack 429,sports,242.86
3501,Chair 273,garden,181.37
3502,Speaker 111,garden,80.43
3503,Chair 982,books,230.11
3504,Speaker 408,home,456.53
3505,Lamp 667,toys,5.20
3506,Kettle 689,home,427.49
3507,Notebook 980,electronics,95.63
3508,Chair 144,books,54.03
3509,Backpack 751,sports,260.51
3510,Kettle 446,electronics,441.54
3511,Notebook 436,electronics,288.03
3512,Lamp 209,garden,416.01
3513,Lamp 574,garden,16.39
3514,Notebook 577,sports,257.96
3515,Kettle 944,garden,295.83
3516,Speaker 420,toys,309.45
3517,Notebook 500,sports,320.24
3518,Lamp 571,books,429.46
3519,Notebook 693,home,28.64
3520,Speaker 624,sports,387.30
3521,Kettle 284,toys,28.04
3522,Lamp 622,electronics,55.08
3523,Backpack 448,books,55.95
3524,Lamp 542,sports,405.35
3525,Kettle 403,toys,484.90
3526,Chair 507,books,166.92
3527,Lamp 616,garden,132.33
3528,Chair 325,toys,487.21
3529,Speaker 691,sports,182.52
3530,Speaker 868,garden,115.94
3531,Chair 582,home,7.61
3532,Speaker 595,home,206.93
3533,Kettle 559,home,340.87
3534,Kettle 294,electronics,331.11
3535,Kettle 901,garden,142.54
3536,Kettle 302,sports,464.49
3537,Speaker 719,sports,26.94
3538,Notebook 711,garden,147.52
3539,Chair 216,home,305.29
3540,Kettle 718,garden,40.78
3541,Notebook 521,electronics,272.02
3542,Notebook 115,electronics,120.43
3543,Lamp 183,sports,437.56
3544,Backpack 141,books,499.74
3545,Notebook 142,garden,14.86
3546,Kettle 945,books,487.11
3547,Kettle 755,sports,288.59
3548,Lamp 660,home,13.04
3549,Chair 152,toys,446.83
3550,Chair 556,sports,25.93
3551,Backpack 438,home,127.77
3552,Speaker 274,toys,344.49
3553,Notebook 403,sports,190.29
3554,Lamp 822,home,230.91
3555,Lamp 916,sports,414.53
3556,Notebook 271,electronics,378.98
3557,Lamp 731,toys,231.63
3558,Lamp 813,sports,19.05
3559,Lamp 741,books,495.10
3560,Chair 309,garden,192.88
3561,Chair 438,home,214.42
3562,Kettle 156,toys,305.40
3563,Notebook 384,electronics,60.44
3564,Speaker 507,toys,499.87
3565,Kettle 972,toys,260.74
3566,Speaker 156,books,341.76
3567,Chair 979,electronics,9.13
3568,Chair 126,toys,425.66
3569,Chair 479,books,485.17
3570,Lamp 801,garden,114.18
3571,Speaker 285,electronics,458.02
3572,Backpack 775,sports,290.26
3573,Kettle 652,sports,369.88
3574,Lamp 572,toys,381.56
3575,Chair 161,electronics,140.66
3576,Chair 932,books,99.32
3577,Backpack 746,books,262.92
3578,Speaker 491,sports,395.77
3579,Backpack 675,books,186.67
3580,Lamp 782,sports,214.95
3581,Notebook 749,home,445.90
3582,Notebook 755,home,77.50
3583,Chair 968,home,330.61
3584,Speaker 620,toys,44.95
3585,Kettle 526,sports,114.96
3586,Lamp 651,home,157.16
3587,Speaker 256,garden,198.26
3588,Kettle 681,sports,490.27
3589,Lamp 886,electronics,194.01
3590,Kettle 411,electronics,297.15
3591,Lamp 169,books,215.10
3592,Backpack 276,toys,374.91
3593,Chair 676,garden,328.92
3594,Speaker 500,electronics,340.38
3595,Chair 989,home,421.58
3596,Notebook 369,toys,162.02
3597,Backpack 668,sports,84.13
3598,Kettle 375,sports,258.34
3599,Speaker 845,electronics,487.72
3600,Lamp 247,electronics,445.92
3601,Lamp 299,home,183.51
3602,Chair 489,toys,450.73
3603,Kettle 282,home,207.77
3604,Speaker 575,toys,11.32
3605,Chair 781,sports,28.98
3606,Speaker 144,garden,381.25
3607,Chair 881,books,251.05
3608,Lamp 372,toys,257.97
3609,Speaker 327,books,218.35
3610,Lamp 198,electronics,346.13
3611,Backpack 950,sports,243.57
3612,Speaker 663,garden,268.50
3613,Kettle 857,sports,277.02
3614,Speaker 170,garden,159.13
3615,Kettle 345,toys,437.62
3616,Backpack 278,electronics,298.67
3617,Chair 323,garden,135.33
3618,Lamp 984,sports,256.19
3619,Chair 951,home,450.33
3620,Backpack 434,books,272.13
3621,Chair 766,home,301.58
3622,Notebook 132,garden,221.21
3623,Backpack 166,garden,29.19
3624,Kettle 792,garden,216.56
3625,Chair 898,electronics,180.21
3626,Chair 295,electronics,51.53
3627,Lamp 922,garden,66.26
3628,Speaker 198,books,281.07
3629,Notebook 644,electronics,142.18
3630,Chair 159,electronics,85.03
3631,Backpack 938,garden,291.24
3632,Backpack 812,electronics,89.16
3633,Kettle 645,home,411.28
3634,Kettle 933,garden,327.23
3635,Lamp 969,home,256.13
3636,Backpack 165,garden,82.70
3637,Kettle 801,books,435.94
3638,Speaker 791,sports,362.48
3639,Backpack 731,sports,467.28
3640,Backpack 996,sports,354.74
3641,Backpack 749,toys,425.55
3642,Speaker 146,sports,396.16
3643,Speaker 951,sports,141.08
3644,Kettle 463,sports,377.84
3645,Notebook 991,electronics,356.05
3646,Notebook 778,sports,242.80
3647,Notebook 552,books,228.46
3648,Kettle 865,home,387.24
3649,Chair 342,books,426.67
3650,Lamp 466,books,274.92
3651,Chair 532,electronics,10.13
3652,Backpack 786,sports,178.08
3653,Lamp 654,books,360.16
3654,Notebook 990,electronics,42.81
3655,Lamp 269,toys,113.96
3656,Speaker 538,books,294.40
3657,Chair 654,toys,400.07
3658,Backpack 960,sports,177.93
3659,Chair 840,sports,408.27
3660,Speaker 318,garden,99.96
3661,Chair 203,home,499.29
3662,Notebook 935,home,243.28
3663,Speaker 788,sports,212.20
3664,Kettle 502,sports,123.45
3665,Notebook 233,garden,15.36
3666,Lamp 952,home,13.13
3667,Chair 180,home,290.76
3668,Notebook 880,home,461.85
3669,Speaker 474,sports,353.53
3670,Speaker 244,toys,397.22
3671,Lamp 905,home,321.63
3672,Lamp 698,toys,22.25
3673,Kettle 249,garden,210.95
3674,Lamp 687,sports,140.91
3675,Kettle 521,toys,32.32
3676,Backpack 255,sports,185.82
3677,Chair 792,sports,32.75
3678,Chair 110,home,125.66
3679,Chair 529,sports,490.99
3680,Notebook 713,electronics,88.82
3681,Notebook 622,garden,489.25
3682,Speaker 859,books,144.26
3683,Chair 149,sports,118.18
3684,Speaker 946,home,271.56
3685,Chair 101,electronics,395.78
3686,Kettle 218,home,384.66
3687,Backpack 136,books,428.26
3688,Speaker 163,toys,394.29
3689,Speaker 448,garden,473.28
3690,Chair 219,books,127.09
3691,Notebook 666,home,388.49
3692,Backpack 952,electronics,485.94
3693,Chair 314,books,16.65
3694,Kettle 625,electronics,134.69
3695,Speaker 512,books,4.96
3696,Speaker 172,books,109.93
3697,Speaker 208,toys,490.73
3698,Lamp 801,sports,272.50
3699,Notebook 307,books,265.59
3700,Speaker 905,sports,343.36
3701,Kettle 431,electronics,315.71
3702,Backpack 178,sports,32.76
3703,Kettle 148,books,284.90
3704,Backpack 786,electronics,282.62
3705,Kettle 489,garden,472.74
3706,Speaker 664,home,277.57
3707,Notebook 923,home,137.32
3708,Notebook 218,sports,313.82
3709,Chair 445,toys,378.51
3710,Chair 957,home,133.39
3711,Backpack 631,toys,94.40
3712,Notebook 270,sports,94.34
3713,Speaker 210,home,262.66
3714,Kettle 442,electronics,226.05
3715,Notebook 577,home,170.50
3716,Speaker 173,garden,103.81
3717,Backpack 684,garden,58.70
3718,Speaker 641,toys,212.04
3719,Backpack 956,toys,130.70
3720,Kettle 393,garden,113.41
3721,Speaker 112,garden,102.36
3722,Backpack 499,garden,164.32
3723,Backpack 240,garden,234.70
3724,Kettle 847,sports,494.06
3725,Chair 977,toys,232.94
3726,Notebook 148,sports,259.84
3727,Backpack 183,toys,105.40
3728,Chair 167,toys,275.62
3729,Backpack 909,home,75.20
3730,Notebook 816,garden,204.15
3731,Lamp 517,sports,99.85
3732,Speaker 379,sports,35.14
3733,Backpack 934,electronics,403.45
3734,Kettle 321,home,214.49
3735,Backpack 837,sports,55.75
3736,Chair 460,electronics,168.72
3737,Kettle 783,books,277.33
3738,Lamp 483,electronics,71.71
3739,Kettle 732,books,283.24
3740,Speaker 163,sports,62.03
3741,Chair 481,toys,208.32
3742,Kettle 313,garden,391.80
3743,Lamp 734,home,216.57
3744,Kettle 374,sports,59.71
3745,Chair 698,home,169.52
3746,Lamp 399,home,49.51
3747,Speaker 451,sports,108.76
3748,Notebook 107,toys,437.42
3749,Notebook 890,electronics,371.54
3750,Lamp 500,toys,197.15
3751,Kettle 431,electronics,75.84
3752,Lamp 906,toys,497.44
3753,Chair 540,home,310.47
3754,Kettle 190,garden,258.48
3755,Backpack 318,books,371.80
3756,Notebook 840,toys,53.23
3757,Notebook 812,toys,291.83
3758,Chair 126,home,461.09
3759,Speaker 591,toys,52.73
3760,Kettle 490,home,30.65
3761,Notebook 280,books,375.70
3762,Backpack 417,toys,100.75
3763,Kettle 302,garden,64.02
3764,Speaker 878,toys,274.11
3765,Speaker 832,books,172.10
3766,Notebook 261,sports,46.76
3767,Notebook 374,books,420.90
3768,Lamp 219,electronics,410.39
3769,Chair 598,books,13.99
3770,Speaker 444,home,253.26
3771,Notebook 187,books,270.24
3772,Kettle 898,garden,192.96
3773,Kettle 421,sports,209.40
3774,Notebook 304,books,126.96
3775,Kettle 562,garden,279.91
3776,Kettle 316,home,32.36
3777,Backpack 946,toys,187.64
3778,Notebook 594,toys,391.63
3779,Kettle 969,electronics,131.33
3780,Backpack 539,garden,177.18
3781,Backpack 672,garden,101.88
3782,Kettle 938,books,236.62
3783,Backpack 335,garden,236.90
3784,Lamp 310,toys,462.18
3785,Lamp 438,electronics,220.48
3786,Backpack 143,toys,454.85
3787,Speaker 639,sports,434.87
3788,Notebook 264,garden,465.22
3789,Notebook 735,toys,479.98
3790,Notebook 140,toys,237.13
3791,Chair 596,toys,26.22
3792,Chair 860,home,408.68
3793,Notebook 221,electronics,441.80
3794,Kettle 668,books,482.52
3795,Backpack 403,home,343.56
3796,Speaker 932,books,3.03
3797,Notebook 987,home,58.18
3798,Lamp 351,home,255.19
3799,Speaker 425,home,349.60
3800,Kettle 330,garden,101.53
3801,Lamp 582,toys,328.27
3802,Lamp 841,sports,252.93
3803,Speaker 855,electronics,227.38
3804,Kettle 806,garden,317.70
3805,Kettle 296,electronics,271.67
3806,Lamp 237,home,255.90
3807,Notebook 569,garden,154.49
3808,Lamp 150,toys,36.67
3809,Backpack 682,toys,455.57
3810,Speaker 222,sports,150.95
3811,Lamp 748,sports,498.25
3812,Chair 881,home,149.70
3813,Chair 524,home,249.44
3814,Backpack 374,books,291.35
3815,Chair 976,garden,395.63
3816,Kettle 383,home,296.96
3817,Chair 545,garden,13.44
3818,Speaker 804,electronics,30.76
3819,Kettle 492,electronics,40.35
3820,Kettle 135,garden,164.35
3821,Backpack 696,sports,425.27
3822,Backpack 889,books,90.27
3823,Notebook 964,books,389.70
3824,Lamp 559,sports,378.96
3825,Lamp 677,home,166.10
3826,Backpack 122,toys,321.41
3827,Backpack 232,garden,87.38
3828,Kettle 559,toys,403.72
3829,Lamp 883,toys,44.99
3830,Notebook 669,sports,464.66
3831,Speaker 805,home,110.73
3832,Backpack 453,electronics,251.14
3833,Kettle 796,books,195.46
3834,Chair 983,sports,344.05
3835,Speaker 754,toys,213.14
3836,Speaker 338,electronics,408.37
3837,Kettle 492,books,368.73
3838,Kettle 136,electronics,209.68
3839,Chair 645,electronics,260.69
3840,Notebook 802,sports,329.38
3841,Chair 336,books,480.84
3842,Lamp 292,books,2.73
3843,Chair 304,sports,247.32
3844,Backpack 683,garden,397.23
3845,Kettle 860,toys,163.63
3846,Speaker 339,sports,57.86
3847,Lamp 292,books,30.27
3848,Lamp 210,home,371.95
3849,Chair 865,electronics,239.53
3850,Speaker 995,toys,409.21
3851,Chair 764,books,3.64
3852,Chair 498,toys,307.41
3853,Speaker 610,electronics,40.11
3854,Speaker 285,garden,90.88
3855,Speaker 171,books,173.94
3856,Chair 715,toys,131.33
3857,Lamp 542,home,344.63
3858,Kettle 201,sports,165.16
3859,Kettle 716,garden,132.54
3860,Backpack 623,toys,251.12
3861,Backpack 600,home,290.20
3862,Chair 260,electronics,214.07
3863,Lamp 289,toys,166.98
3864,Chair 866,home,49.43
3865,Chair 562,toys,363.31
3866,Lamp 501,toys,98.37
3867,Chair 299,home,35.42
3868,Chair 640,books,23.68
3869,Chair 791,garden,38.31
3870,Chair 707,toys,491.91
3871,Lamp 228,garden,395.35
3872,Backpack 335,books,149.35
3873,Chair 327,sports,354.45
3874,Backpack 487,toys,50.09
3875,Notebook 734,sports,391.67
3876,Backpack 524,home,74.87
3877,Backpack 868,books,418.65
3878,Speaker 886,electronics,99.66
3879,Kettle 947,sports,335.36
3880,Lamp 584,garden,241.90
3881,Lamp 470,sports,337.02
3882,Backpack 816,home,65.82
3883,Lamp 776,home,63.94
3884,Backpack 446,electronics,383.98
3885,Backpack 327,electronics,257.41
3886,Chair 235,books,261.57
3887,Lamp 301,garden,458.18
3888,Backpack 765,sports,170.23
3889,Lamp 824,sports,129.07
3890,Lamp 736,toys,494.00
3891,Backpack 690,electronics,403.46
3892,Speaker 418,electronics,109.01
3893,Backpack 872,home,105.84
3894,Notebook 412,home,130.67
3895,Lamp 320,home,340.17
3896,Lamp 131,toys,211.14
3897,Chair 617,garden,216.60
3898,Lamp 978,toys,240.38
3899,Notebook 201,electronics,339.07
3900,Speaker 784,home,274.94
3901,Notebook 639,garden,172.35
3902,Notebook 137,electronics,257.69
3903,Speaker 369,garden,295.34
3904,Lamp 290,toys,342.05
3905,Backpack 369,home,17.52
3906,Chair 490,books,85.06
3907,Notebook 206,home,147.65
3908,Backpack 350,garden,240.14
3909,Kettle 513,toys,180.90
3910,Kettle 225,toys,49.17
3911,Notebook 651,home,117.69
3912,Backpack 343,home,177.08
3913,Kettle 483,garden,88.09
3914,Notebook 515,sports,93.47
3915,Chair 770,home,103.43
3916,Backpack 934,home,266.64
3917,Speaker 769,electronics,399.02
3918,Notebook 329,toys,465.67
3919,Speaker 437,garden,225.50
3920,Notebook 302,toys,399.04
3921,Speaker 366,toys,16.42
3922,Kettle 616,electronics,216.76
3923,Speaker 648,garden,483.32
3924,Notebook 192,sports,349.55
3925,Chair 912,garden,456.13
3926,Speaker 889,garden,199.68
3927,Kettle 949,home,374.88
3928,Lamp 160,home,136.53
3929,Kettle 207,electronics,328.98
3930,Speaker 657,sports,263.65
3931,Lamp 120,home,29.40
3932,Lamp 283,electronics,44.40
3933,Notebook 924,garden,71.99
3934,Speaker 985,electronics,247.35
3935,Kettle 309,toys,368.90
3936,Lamp 836,electronics,484.60
3937,Kettle 146,home,38.14
3938,Kettle 658,garden,141.74
3939,Notebook 330,home,495.28
3940,Notebook 937,garden,156.54
3941,Kettle 731,garden,400.19
3942,Kettle 426,toys,4.98
3943,Speaker 715,books,228.20
3944,Lamp 758,garden,52.83
3945,Speaker 685,garden,143.01
3946,Notebook 604,garden,105.67
3947,Notebook 286,toys,131.33
3948,Chair 476,sports,25.71
3949,Notebook 352,electronics,171.35
3950,Notebook 472,garden,55.99
3951,Chair 350,electronics,60.22
3952,Backpack 301,garden,251.18
3953,Lamp 405,garden,199.37
3954,Chair 871,books,497.46
3955,Lamp 464,toys,266.83
3956,Chair 996,garden,303.92
3957,Lamp 893,electronics,218.01
3958,Lamp 732,sports,260.60
3959,Chair 944,books,426.11
3960,Kettle 410,sports,81.28
3961,Backpack 280,home,278.95
3962,Chair 580,home,149.27
3963,Lamp 158,home,476.05
3964,Kettle 587,books,3.21
3965,Speaker 739,sports,147.97
3966,Speaker 866,home,145.38
3967,Speaker 408,electronics,189.93
3968,Kettle 627,home,182.57
3969,Speaker 488,garden,458.15
3970,Notebook 997,books,25.64
3971,Kettle 608,electronics,412.60
3972,Speaker 247,home,428.12
3973,Lamp 940,garden,415.97
3974,Notebook 843,electronics,176.75
3975,Backpack 567,electronics,379.87
3976,Speaker 630,toys,280.14
3977,Lamp 351,electronics,366.80
3978,Speaker 258,electronics,343.54
3979,Speaker 947,books,496.88
3980,Lamp 242,garden,223.98
3981,Chair 193,sports,497.28
3982,Backpack 285,toys,133.47
3983,Kettle 216,books,40.28
3984,Speaker 662,toys,61.06
3985,Chair 337,toys,490.60
3986,Backpack 960,toys,105.61
3987,Backpack 290,toys,171.12
3988,Kettle 567,home,219.79
3989,Notebook 186,toys,448.53
3990,Kettle 585,books,374.03
3991,Lamp 479,home,25.65
3992,Backpack 933,electronics,324.79
3993,Kettle 836,electronics,462.71
3994,Backpack 975,sports,107.55
3995,Notebook 401,sports,44.38
3996,Lamp 904,electronics,207.84
3997,Backpack 445,books,441.12
3998,Lamp 218,home,470.92
3999,Backpack 570,home,32.53
4000,Backpack 122,electronics,350.80
4001,Backpack 829,sports,120.73
4002,Backpack 708,home,252.94
4003,Kettle 388,electronics,408.39
4004,Chair 502,books,465.53
4005,Lamp 434,garden,56.80
4006,Speaker 239,garden,446.13
4007,Chair 101,garden,133.53
4008,Lamp 299,home,125.70
4009,Chair 163,electronics,277.66
4010,Kettle 292,sports,319.92
4011,Kettle 210,home,354.15
4012,Lamp 777,toys,398.89
4013,Kettle 528,home,459.46
4014,Chair 882,electronics,266.57
4015,Notebook 646,toys,222.24
4016,Lamp 345,home,240.76
4017,Lamp 504,sports,107.14
4018,Lamp 541,books,335.42
4019,Kettle 667,toys,334.83
4020,Backpack 528,home,179.09
4021,Lamp 733,toys,463.22
4022,Speaker 757,sports,152.52
4023,Speaker 148,electronics,271.58
4024,Chair 286,sports,267.45
4025,Backpack 706,electronics,483.99
4026,Speaker 200,home,169.16
4027,Backpack 434,sports,343.91
4028,Speaker 997,garden,367.75
4029,Lamp 704,garden,164.27
4030,Notebook 831,home,383.22
4031,Backpack 812,home,411.57
4032,Backpack 996,books,148.01
4033,Kettle 367,home,360.49
4034,Notebook 872,garden,418.00
4035,Notebook 944,toys,88.41
4036,Backpack 726,home,297.49
4037,Chair 104,books,245.09
4038,Kettle 159,toys,194.96
4039,Backpack 999,garden,33.10
4040,Notebook 776,books,43.67
4041,Backpack 427,home,101.41
4042,Speaker 203,garden,424.75
4043,Lamp 667,garden,39.32
4044,Notebook 927,garden,1.60
4045,Notebook 669,garden,295.72
4046,Speaker 528,sports,235.62
4047,Kettle 762,toys,226.85
4048,Speaker 346,sports,170.24
4049,Speaker 331,electronics,99.21
4050,Chair 985,garden,345.85
4051,Speaker 362,garden,66.20
4052,Lamp 482,home,356.06
4053,Speaker 228,toys,463.26
4054,Chair 816,home,105.06
4055,Speaker 982,home,204.80
4056,Speaker 897,toys,382.67
4057,Speaker 102,garden,284.97
4058,Lamp 328,electronics,301.27
4059,Notebook 180,sports,334.10
4060,Notebook 169,sports,389.07
4061,Lamp 464,home,78.21
4062,Notebook 310,garden,498.22
4063,Chair 223,toys,259.32
4064,Speaker 398,home,18.96
4065,Lamp 781,garden,486.39
4066,Lamp 657,books,294.16
4067,Kettle 706,toys,400.28
4068,Notebook 184,sports,21.66
4069,Chair 404,electronics,173.55
4070,Lamp 539,home,1.98
4071,Chair 169,books,172.63
4072,Chair 684,garden,29.48
4073,Chair 794,home,1.89
4074,Backpack 734,garden,405.88
4075,Notebook 783,books,417.94
4076,Lamp 167,books,210.26
4077,Notebook 224,garden,171.18
4078,Chair 982,electronics,297.27
4079,Kettle 959,sports,372.89
4080,Lamp 486,home,266.93
4081,Lamp 372,garden,288.30
4082,Lamp 192,toys,136.77
4083,Notebook 964,books,304.25
4084,Lamp 992,books,13.45
4085,Notebook 395,sports,31.75
4086,Backpack 301,garden,353.65
4087,Notebook 235,electronics,436.33
4088,Speaker 150,garden,407.40
4089,Backpack 803,garden,279.73
4090,Notebook 118,home,122.09
4091,Notebook 421,home,56.33
4092,Lamp 437,books,166.69
4093,Kettle 734,home,112.60
4094,Kettle 604,books,293.16
4095,Backpack 866,electronics,1.13
4096,Backpack 405,home,371.07
4097,Lamp 852,sports,360.73
4098,Backpack 487,home,68.10
4099,Speaker 299,home,84.79
4100,Lamp 611,home,370.38
4101,Kettle 193,garden,265.97
4102,Speaker 327,garden,263.08
4103,Chair 697,sports,392.22
4104,Notebook 821,toys,36.19
4105,Chair 601,garden,344.47
4106,Kettle 517,sports,334.12
4107,Notebook 519,sports,137.23
4108,Speaker 186,garden,270.64
4109,Lamp 615,electronics,64.28
4110,Speaker 902,home,246.84
4111,Backpack 575,home,337.31
4112,Notebook 698,electronics,188.43
4113,Backpack 199,sports,5.54
4114,Backpack 478,garden,146.11
4115,Lamp 853,sports,285.16
4116,Chair 879,home,69.79
4117,Backpack 512,home,160.72
4118,Notebook 611,home,421.64
4119,Backpack 214,electronics,465.87
4120,Backpack 777,toys,407.51
4121,Kettle 820,books,79.13
4122,Kettle 309,home,405.78
4123,Notebook 234,books,480.74
4124,Chair 710,electronics,310.06
4125,Chair 951,books,325.78
4126,Notebook 372,garden,26.13
4127,Notebook 288,toys,350.91
4128,Notebook 927,home,230.01
4129,Speaker 977,sports,278.14
4130,Chair 973,sports,446.74
4131,Speaker 585,sports,103.60
4132,Lamp 850,home,484.74
4133,Chair 594,sports,467.88
4134,Chair 390,home,477.43
4135,Speaker 615,garden,473.25
4136,Speaker 558,garden,114.63
4137,Notebook 229,garden,58.54
4138,Lamp 187,toys,99.35
4139,Backpack 188,sports,80.93
4140,Kettle 958,garden,18.85
4141,Speaker 760,garden,3.60
4142,Speaker 305,home,403.41
4143,Notebook 433,electronics,261.99
4144,Chair 907,sports,190.21
4145,Chair 289,home,96.10
4146,Kettle 257,electronics,130.68
4147,Kettle 803,sports,120.56
4148,Backpack 961,garden,435.66
4149,Kettle 624,electronics,187.68
4150,Backpack 530,home,188.40
4151,Kettle 840,toys,96.80
4152,Speaker 508,home,495.19
4153,Chair 814,toys,398.13
4154,Lamp 301,books,384.47
4155,Backpack 126,toys,235.31
4156,Kettle 344,books,383.95
4157,Chair 265,sports,239.46
4158,Notebook 996,garden,444.24
4159,Kettle 143,toys,163.69
4160,Notebook 268,home,97.35
4161,Backpack 443,sports,339.44
4162,Notebook 322,electronics,412.10
4163,Kettle 609,electronics,333.49
4164,Speaker 649,home,450.08
4165,Speaker 844,toys,229.95
4166,Speaker 423,electronics,499.08
4167,Chair 851,home,125.29
4168,Kettle 281,toys,15.16
4169,Chair 772,garden,387.55
4170,Notebook 202,books,182.47
4171,Notebook 728,books,424.18
4172,Lamp 881,books,227.41
4173,Chair 461,books,398.88
4174,Notebook 304,home,98.77
4175,Speaker 666,garden,283.82
4176,Chair 173,books,302.84
4177,Kettle 426,electronics,234.25
4178,Speaker 780,toys,91.42
4179,Backpack 731,home,362.81
4180,Kettle 804,books,64.71
4181,Backpack 125,sports,441.66
4182,Kettle 660,sports,397.43
4183,Lamp 372,sports,455.04
4184,Kettle 491,toys,331.29
4185,Lamp 799,books,209.43
4186,Speaker 738,books,390.58
4187,Notebook 317,garden,401.29
4188,Chair 528,books,472.73
4189,Notebook 736,toys,368.26
4190,Speaker 857,home,13.09
4191,Speaker 656,garden,273.56
4192,Speaker 649,home,475.69
4193,Kettle 562,toys,141.28
4194,Chair 893,garden,481.35
4195,Notebook 973,toys,411.91
4196,Backpack 548,books,491.38
4197,Chair 533,toys,253.68
4198,Lamp 851,electronics,375.43
4199,Chair 306,sports,14.43
4200,Backpack 598,home,300.88
4201,Backpack 994,toys,19.03
4202,Kettle 832,home,206.48
4203,Kettle 695,garden,306.49
4204,Backpack 118,home,141.79
4205,Lamp 322,books,241.82
4206,Lamp 892,garden,69.72
4207,Lamp 276,garden,364.56
4208,Backpack 388,garden,362.84
4209,Lamp 961,toys,407.01
4210,Lamp 407,garden,49.12
4211,Speaker 171,sports,15.38
4212,Kettle 605,home,314.81
4213,Lamp 209,sports,123.79
4214,Speaker 804,toys,429.01
4215,Chair 559,sports,193.39
4216,Backpack 105,toys,253.92
4217,Kettle 756,books,170.78
4218,Lamp 901,electronics,296.83
4219,Kettle 918,garden,289.10
4220,Notebook 552,books,404.89
4221,Backpack 345,toys,262.86
4222,Lamp 338,home,191.27
4223,Speaker 691,toys,83.98
4224,Lamp 129,sports,362.67
4225,Kettle 462,sports,12.07
4226,Speaker 442,toys,279.65
4227,Chair 305,home,99.49
4228,Speaker 540,electronics,401.52
4229,Kettle 597,garden,143.47
4230,Backpack 305,electronics,46.73
4231,Backpack 666,books,156.54
4232,Lamp 145,garden,398.10
4233,Lamp 857,home,402.37
4234,Chair 871,garden,294.93
4235,Chair 665,books,482.42
4236,Lamp 578,books,245.66
4237,Chair 207,garden,292.72
4238,Backpack 571,books,288.37
4239,Lamp 887,garden,489.49
4240,Lamp 649,electronics,447.82
4241,Chair 629,toys,348.83
4242,Kettle 599,sports,76.30
4243,Chair 731,home,449.32
4244,Speaker 679,books,201.95
4245,Backpack 864,electronics,187.34
4246,Lamp 979,garden,132.19
4247,Notebook 496,sports,306.81
4248,Lamp 453,toys,311.64
4249,Backpack 818,electronics,73.72
4250,Backpack 866,toys,170.78
4251,Backpack 713,garden,237.72
4252,Speaker 288,books,93.24
4253,Speaker 621,garden,291.23
4254,Speaker 703,sports,427.16
4255,Speaker 345,toys,278.83
4256,Backpack 250,sports,456.13
4257,Backpack 662,sports,137.85
4258,Lamp 748,electronics,231.69
4259,Notebook 351,toys,335.54
4260,Kettle 798,books,129.04
4261,Chair 669,books,18.84
4262,Notebook 116,home,87.96
4263,Lamp 262,toys,136.61
4264,Notebook 814,home,217.87
4265,Notebook 972,garden,416.53
4266,Speaker 676,garden,162.11
4267,Backpack 236,sports,150.80
4268,Backpack 137,garden,234.36
4269,Speaker 120,home,67.73
4270,Kettle 884,electronics,170.83
4271,Backpack 727,sports,464.83
4272,Kettle 951,books,165.18
4273,Lamp 311,sports,275.00
4274,Speaker 204,home,43.79
4275,Notebook 280,toys,218.42
4276,Kettle 100,sports,155.40
4277,Speaker 216,garden,83.83
4278,Kettle 690,home,45.11
4279,Speaker 466,sports,276.76
4280,Speaker 925,books,422.28
4281,Lamp 335,electronics,483.43
4282,Backpack 190,garden,412.76
4283,Chair 170,home,123.65
4284,Lamp 898,sports,232.28
4285,Chair 836,garden,53.73
4286,Speaker 544,books,389.76
4287,Backpack 567,toys,88.58
4288,Chair 711,electronics,27.36
4289,Lamp 327,garden,425.18
4290,Backpack 230,sports,371.68
4291,Chair 175,books,353.04
4292,Speaker 806,toys,442.35
4293,Notebook 859,electronics,64.15
4294,Lamp 574,books,130.84
4295,Notebook 590,toys,344.85
4296,Lamp 224,home,57.82
4297,Speaker 603,sports,380.12
4298,Lamp 779,books,259.25
4299,Kettle 825,electronics,435.47
4300,Notebook 413,toys,335.94
4301,Notebook 808,electronics,159.64
4302,Notebook 493,garden,442.04
4303,Notebook 132,garden,430.83
4304,Backpack 487,sports,477.00
4305,Kettle 965,toys,309.25
4306,Lamp 127,garden,486.83
4307,Speaker 113,toys,442.71
4308,Speaker 897,books,427.75
4309,Notebook 743,books,356.75
4310,Lamp 276,toys,491.84
4311,Speaker 225,toys,279.76
4312,Notebook 821,home,82.72
4313,Speaker 408,home,266.89
4314,Speaker 402,garden,331.24
4315,Backpack 158,garden,214.14
4316,Speaker 639,toys,379.48
4317,Chair 366,sports,214.62
4318,Kettle 836,books,160.06
4319,Lamp 609,sports,67.19
4320,Chair 956,garden,381.00
4321,Chair 682,home,79.91
4322,Notebook 514,books,239.29
4323,Backpack 624,home,246.49
4324,Speaker 958,home,213.38
4325,Kettle 682,toys,474.28
4326,Kettle 271,home,246.01
4327,Chair 650,home,37.13
4328,Speaker 843,sports,53.53
4329,Chair 879,electronics,412.04
4330,Lamp 214,books,78.52
4331,Lamp 900,sports,437.16
4332,Backpack 292,home,354.17
4333,Backpack 896,sports,281.68
4334,Kettle 136,home,135.17
4335,Lamp 716,electronics,391.36
4336,Speaker 188,garden,73.88
4337,Lamp 826,sports,233.36
4338,Chair 712,garden,4.09
4339,Lamp 225,books,350.21
4340,Chair 940,home,198.58
4341,Notebook 573,books,293.56
4342,Lamp 190,electronics,178.38
4343,Kettle 461,books,484.78
4344,Chair 952,home,79.00
4345,Notebook 665,sports,14.19
4346,Chair 621,books,243.84
4347,Kettle 604,electronics,209.24
4348,Backpack 297,home,30.83
4349,Lamp 180,sports,300.99
4350,Backpack 529,home,44.52
4351,Chair 644,sports,432.36
4352,Kettle 581,books,21.81
4353,Notebook 165,sports,488.22
4354,Kettle 813,electronics,388.77
4355,Chair 468,garden,65.95
4356,Backpack 490,electronics,388.52
4357,Speaker 577,sports,102.61
4358,Backpack 965,home,488.03
4359,Chair 255,home,316.78
4360,Lamp 319,garden,240.87
4361,Notebook 413,home,285.19
4362,Chair 225,garden,322.94
4363,Chair 471,books,442.58
4364,Notebook 459,garden,307.86
4365,Notebook 618,books,118.92
4366,Notebook 426,books,453.11
4367,Kettle 640,books,190.38
4368,Notebook 841,home,241.71
4369,Chair 733,home,170.94
4370,Chair 611,toys,322.38
4371,Backpack 389,toys,121.02
4372,Backpack 290,garden,415.75
4373,Lamp 878,garden,448.73
4374,Chair 140,sports,127.95
4375,Chair 161,sports,299.86
4376,Backpack 683,books,394.12
4377,Notebook 505,sports,422.16
4378,Kettle 850,home,300.36
4379,Notebook 466,garden,244.90
4380,Kettle 746,books,86.55
4381,Chair 712,garden,438.43
4382,Kettle 498,sports,161.59
4383,Lamp 779,books,357.57
4384,Speaker 209,books,173.55
4385,Backpack 680,sports,272.05
4386,Lamp 455,books,357.59
4387,Backpack 120,electronics,123.70
4388,Lamp 518,toys,496.15
4389,Chair 748,garden,137.75
4390,Speaker 131,garden,451.15
4391,Notebook 688,electronics,244.07
4392,Speaker 629,home,378.60
4393,Kettle 495,toys,27.66
4394,Chair 215,toys,417.91
4395,Notebook 613,books,87.58
4396,Speaker 443,sports,419.97
4397,Kettle 711,electronics,191.67
4398,Chair 513,home,44.66
4399,Speaker 727,home,442.93
4400,Lamp 368,garden,336.31
4401,Lamp 741,books,297.69
4402,Kettle 824,home,31.15
4403,Backpack 887,electronics,453.61
4404,Kettle 613,sports,95.29
4405,Chair 764,books,353.64
4406,Backpack 538,books,24.88
4407,Lamp 697,sports,206.78
4408,Backpack 431,books,278.13
4409,Kettle 253,books,272.56
4410,Notebook 224,electronics,186.43
4411,Lamp 188,sports,77.50
4412,Chair 399,books,27.63
4413,Chair 401,books,283.06
4414,Kettle 988,home,58.29
4415,Lamp 311,books,8.03
4416,Speaker 203,garden,357.70
4417,Notebook 678,garden,99.19
4418,Backpack 522,toys,337.33
4419,Speaker 717,electronics,173.77
4420,Chair 978,toys,256.64
4421,Speaker 237,garden,398.12
4422,Lamp 559,books,1.97
4423,Speaker 513,books,399.81
4424,Kettle 623,books,153.17
4425,Chair 988,sports,73.76
4426,Notebook 604,books,287.42
4427,Chair 946,books,268.95
4428,Backpack 623,books,347.74
4429,Kettle 679,home,98.17
4430,Chair 509,books,28.46
4431,Notebook 863,books,436.53
4432,Speaker 661,garden,206.21
4433,Kettle 601,toys,214.83
4434,Notebook 847,books,21.84
4435,Notebook 303,toys,188.80
4436,Backpack 479,electronics,54.36
4437,Lamp 884,toys,144.51
4438,Kettle 736,garden,437.08
4439,Backpack 355,toys,337.83
4440,Backpack 568,home,388.47
4441,Backpack 822,garden,212.62
4442,Backpack 573,electronics,244.71
4443,Chair 999,books,402.09
4444,Speaker 129,toys,367.36
4445,Lamp 323,sports,388.15
4446,Lamp 698,home,453.22
4447,Speaker 466,books,122.37
4448,Chair 924,garden,240.48
4449,Kettle 300,home,238.19
4450,Lamp 227,books,50.30
4451,Chair 368,toys,46.26
4452,Speaker 524,garden,106.51
4453,Notebook 444,toys,10.61
4454,Backpack 275,electronics,378.56
4455,Chair 140,home,341.47
4456,Kettle 205,toys,281.51
4457,Notebook 230,toys,404.61
4458,Speaker 309,garden,155.36
4459,Notebook 713,books,474.19
4460,Lamp 484,garden,98.70
4461,Notebook 873,sports,197.14
4462,Notebook 194,sports,38.77
4463,Kettle 846,electronics,427.44
4464,Speaker 617,sports,126.11
4465,Kettle 428,books,379.19
4466,Backpack 541,toys,213.87
4467,Backpack 921,toys,149.53
4468,Notebook 498,garden,288.90
4469,Speaker 120,home,189.69
4470,Lamp 587,toys,428.56
4471,Backpack 249,books,207.06
4472,Lamp 731,toys,255.88
4473,Kettle 312,garden,451.60
4474,Backpack 310,garden,75.24
4475,Kettle 419,electronics,276.41
4476,Backpack 187,toys,335.79
4477,Backpack 925,home,427.98
4478,Backpack 352,books,433.14
4479,Chair 109,books,87.07
4480,Chair 968,home,249.10
4481,Kettle 725,electronics,395.78
4482,Backpack 542,electronics,127.48
4483,Backpack 508,sports,192.86
4484,Kettle 191,electronics,297.03
4485,Notebook 763,toys,331.65
4486,Notebook 573,home,173.13
4487,Backpack 240,home,203.23
4488,Notebook 341,home,430.13
4489,Speaker 586,sports,267.25
4490,Speaker 627,books,353.39
4491,Lamp 420,home,393.67
4492,Lamp 997,electronics,211.43
4493,Kettle 635,garden,310.59
4494,Backpack 999,toys,59.47
4495,Backpack 303,garden,63.04
4496,Backpack 425,home,126.25
4497,Speaker 424,home,332.52
4498,Lamp 910,toys,73.87
4499,Notebook 493,electronics,365.19
4500,Speaker 986,electronics,291.11
4501,Kettle 768,electronics,364.07
4502,Speaker 982,sports,102.46
4503,Notebook 616,sports,279.87
4504,Chair 547,garden,324.17
4505,Backpack 487,electronics,125.01
4506,Chair 456,electronics,155.00
4507,Backpack 980,garden,497.09
4508,Lamp 629,electronics,283.15
4509,Chair 656,home,192.53
4510,Chair 796,sports,377.17
4511,Chair 936,garden,348.34
4512,Backpack 426,toys,136.63
4513,Speaker 443,books,245.71
4514,Speaker 726,sports,412.89
4515,Notebook 782,sports,308.43
4516,Lamp 111,garden,105.07
4517,Backpack 683,books,220.90
4518,Chair 486,electronics,9.25
4519,Backpack 542,toys,189.55
4520,Kettle 738,books,75.14
4521,Backpack 586,home,36.31
4522,Speaker 932,garden,38.08
4523,Backpack 478,home,338.40
4524,Notebook 989,books,136.17
4525,Kettle 180,garden,499.69
4526,Speaker 788,electronics,423.04
4527,Notebook 239,toys,429.46
4528,Speaker 868,toys,174.22
4529,Lamp 984,home,494.16
4530,Lamp 413,sports,77.92
4531,Chair 176,garden,443.96
4532,Chair 749,sports,386.54
4533,Chair 560,toys,60.31
4534,Backpack 610,books,180.38
4535,Chair 276,home,341.56
4536,Notebook 824,sports,473.68
4537,Chair 259,electronics,298.54
4538,Backpack 399,books,240.33
4539,Kettle 272,sports,356.62
4540,Chair 943,home,339.05
4541,Notebook 545,toys,121.02
4542,Backpack 440,electronics,65.32
4543,Backpack 594,electronics,360.02
4544,Kettle 563,sports,342.42
4545,Chair 215,toys,384.19
4546,Notebook 575,garden,301.42
4547,Lamp 553,sports,312.66
4548,Kettle 308,electronics,278.24
4549,Speaker 844,home,265.49
4550,Notebook 726,sports,401.03
4551,Speaker 729,books,436.05
4552,Backpack 503,home,495.97
4553,Lamp 547,garden,41.09
4554,Notebook 878,garden,47.54
4555,Chair 140,garden,374.85
4556,Notebook 889,home,295.02
4557,Backpack 496,electronics,380.81
4558,Chair 253,garden,335.77
4559,Kettle 298,books,367.17
4560,Notebook 393,home,432.23
4561,Chair 513,sports,487.14
4562,Notebook 347,electronics,155.02
4563,Notebook 936,books,455.80
4564,Backpack 943,garden,110.85
4565,Speaker 488,books,203.50
4566,Notebook 387,toys,409.16
4567,Lamp 665,toys,193.12
4568,Lamp 690,home,85.06
4569,Backpack 334,toys,266.32
4570,Backpack 285,home,87.00
4571,Speaker 757,sports,289.31
4572,Backpack 717,books,315.94
4573,Chair 479,electronics,460.24
4574,Notebook 484,toys,27.96
4575,Notebook 538,electronics,483.20
4576,Backpack 830,toys,136.71
4577,Kettle 330,home,14.61
4578,Notebook 376,books,421.73
4579,Kettle 851,toys,27.50
4580,Speaker 788,home,325.63
4581,Kettle 799,home,247.91
4582,Notebook 668,electronics,314.28
4583,Lamp 870,sports,452.00
4584,Kettle 191,garden,149.13
4585,Backpack 744,toys,354.89
4586,Kettle 256,garden,279.14
4587,Chair 897,toys,58.44
4588,Lamp 226,garden,199.57
4589,Lamp 744,books,191.66
4590,Speaker 676,toys,110.21
4591,Kettle 773,home,261.72
4592,Kettle 433,garden,117.01
4593,Kettle 767,garden,323.78
4594,Lamp 468,electronics,492.65
4595,Backpack 632,toys,178.87
4596,Speaker 121,electronics,106.57
4597,Lamp 932,electronics,88.21
4598,Backpack 337,toys,400.59
4599,Notebook 159,home,463.23
4600,Backpack 459,toys,65.50
4601,Speaker 944,sports,266.93
4602,Chair 486,toys,187.94
4603,Kettle 264,home,317.60
4604,Notebook 146,books,463.32
4605,Speaker 492,books,415.23
4606,Notebook 599,sports,187.95
4607,Chair 563,electronics,221.91
4608,Speaker 544,books,46.04
4609,Kettle 583,sports,283.51
4610,Backpack 321,electronics,335.73
4611,Speaker 502,books,461.88
4612,Notebook 608,toys,442.72
4613,Kettle 302,sports,490.39
4614,Lamp 719,home,3.61
4615,Notebook 503,toys,424.68
4616,Backpack 342,home,485.22
4617,Speaker 360,garden,418.57
4618,Chair 754,home,183.81
4619,Notebook 539,electronics,393.49
4620,Backpack 796,home,279.37
4621,Speaker 868,garden,70.66
4622,Kettle 615,toys,270.11
4623,Backpack 101,books,146.03
4624,Backpack 272,sports,44.24
4625,Kettle 537,garden,488.98
4626,Lamp 660,toys,407.74
4627,Chair 442,home,270.35
4628,Speaker 895,books,272.12
4629,Notebook 241,books,445.20
4630,Speaker 331,electronics,482.10
4631,Notebook 784,electronics,16.07
4632,Notebook 720,books,188.93
4633,Kettle 832,home,434.94
4634,Lamp 410,home,319.60
4635,Backpack 618,home,57.43
4636,Chair 177,toys,492.39
4637,Lamp 609,electronics,166.87
4638,Kettle 118,garden,174.35
4639,Backpack 977,toys,38.64
4640,Lamp 948,books,289.61
4641,Notebook 975,electronics,409.62
4642,Kettle 909,garden,407.60
4643,Lamp 660,electronics,100.90
4644,Lamp 402,sports,216.51
4645,Chair 372,garden,431.62
4646,Backpack 559,sports,63.43
4647,Backpack 958,home,301.49
4648,Speaker 448,garden,301.34
4649,Backpack 958,books,40.45
4650,Backpack 483,electronics,472.02
4651,Speaker 584,electronics,217.42
4652,Backpack 507,books,150.91
4653,Chair 557,garden,48.16
4654,Kettle 413,garden,375.97
4655,Backpack 214,garden,477.27
4656,Backpack 879,garden,395.97
4657,Notebook 749,toys,48.72
4658,Chair 446,electronics,392.58
4659,Speaker 625,books,150.54
4660,Lamp 282,toys,280.30
4661,Kettle 311,sports,464.25
4662,Backpack 207,garden,196.03
4663,Speaker 896,books,403.60
4664,Speaker 817,electronics,320.50
4665,Speaker 502,home,370.57
4666,Lamp 799,home,302.74
4667,Notebook 369,home,79.87
4668,Notebook 981,electronics,477.73
4669,Speaker 633,toys,242.42
4670,Notebook 377,toys,9.10
4671,Kettle 287,toys,465.91
4672,Backpack 626,toys,365.96
4673,Notebook 879,garden,7.08
4674,Backpack 770,sports,184.60
4675,Backpack 812,toys,312.65
4676,Backpack 935,sports,334.53
4677,Chair 380,sports,60.97
4678,Notebook 998,books,455.96
4679,Kettle 530,electronics,441.79
4680,Speaker 678,home,189.69
4681,Notebook 580,toys,355.99
4682,Kettle 852,garden,122.14
4683,Kettle 888,electronics,125.95
4684,Lamp 403,electronics,8.36
4685,Kettle 395,electronics,452.73
4686,Chair 596,home,83.97
4687,Chair 214,sports,306.35
4688,Lamp 611,garden,60.78
4689,Kettle 779,sports,348.17
4690,Kettle 871,sports,249.30
4691,Backpack 252,home,365.54
4692,Backpack 180,electronics,320.23
4693,Speaker 336,sports,125.79
4694,Speaker 417,books,265.99
4695,Backpack 845,books,428.50
4696,Chair 596,sports,495.36
4697,Lamp 877,books,136.09
4698,Kettle 839,toys,259.24
4699,Notebook 919,electronics,160.06
4700,Lamp 122,garden,391.01
4701,Kettle 969,toys,49.28
4702,Chair 638,books,451.41
4703,Lamp 271,sports,116.53
4704,Backpack 179,home,279.25
4705,Kettle 756,home,314.33
4706,Speaker 838,electronics,246.79
4707,Speaker 749,books,335.46
4708,Speaker 446,garden,223.53
4709,Backpack 626,electronics,123.45
4710,Kettle 416,electronics,93.26
4711,Lamp 300,toys,338.10
4712,Speaker 309,toys,22.94
4713,Speaker 798,home,156.61
4714,Notebook 692,electronics,242.09
4715,Chair 550,electronics,328.89
4716,Speaker 577,toys,233.83
4717,Backpack 818,garden,177.98
4718,Kettle 515,sports,91.33
4719,Chair 375,garden,466.09
4720,Kettle 723,electronics,188.30
4721,Backpack 210,books,277.57
4722,Backpack 166,books,288.22
4723,Backpack 986,garden,165.30
4724,Lamp 992,sports,446.47
4725,Speaker 350,electronics,213.11
4726,Lamp 235,electronics,300.60
4727,Speaker 471,toys,492.80
4728,Chair 886,books,114.06
4729,Kettle 199,home,367.84
4730,Backpack 971,toys,351.36
4731,Lamp 890,home,281.02
4732,Notebook 376,home,172.01
4733,Kettle 419,electronics,198.64
4734,Notebook 842,toys,5.76
4735,Notebook 471,sports,147.72
4736,Backpack 657,garden,471.16
4737,Kettle 836,books,218.79
4738,Notebook 326,garden,452.88
4739,Backpack 130,sports,147.09
4740,Speaker 610,home,323.45
4741,Kettle 614,books,342.12
4742,Lamp 303,home,26.63
4743,Speaker 826,home,363.73
4744,Speaker 897,books,139.32
4745,Lamp 537,toys,156.84
4746,Backpack 963,electronics,140.55
4747,Notebook 903,electronics,88.16
4748,Lamp 422,books,173.02
4749,Speaker 182,books,333.85
4750,Speaker 512,books,171.57
4751,Backpack 412,garden,186.83
4752,Kettle 923,books,67.19
4753,Chair 753,sports,168.08
4754,Chair 770,electronics,47.44
4755,Speaker 339,electronics,59.70
4756,Speaker 905,electronics,148.53
4757,Backpack 272,electronics,372.10
4758,Chair 705,sports,285.37
4759,Kettle 257,toys,234.11
4760,Backpack 750,sports,350.07
4761,Backpack 420,electronics,393.74
4762,Chair 369,sports,3.12
4763,Chair 193,books,78.37
4764,Speaker 674,garden,275.71
4765,Chair 963,books,67.40
4766,Lamp 338,electronics,180.63
4767,Chair 949,books,195.82
4768,Chair 779,home,66.82
4769,Backpack 160,garden,78.33
4770,Lamp 407,books,137.24
4771,Notebook 262,toys,235.20
4772,Kettle 943,books,454.94
4773,Kettle 442,garden,150.63
4774,Notebook 689,electronics,349.14
4775,Notebook 764,books,65.60
4776,Kettle 867,electronics,384.38
4777,Backpack 645,sports,417.26
4778,Chair 918,toys,286.54
4779,Lamp 544,books,76.52
4780,Backpack 737,toys,429.03
4781,Lamp 927,toys,393.85
4782,Speaker 146,electronics,95.65
4783,Chair 126,electronics,114.99
4784,Notebook 221,toys,66.32
4785,Lamp 579,sports,68.58
4786,Chair 389,books,340.40
4787,Backpack 885,garden,380.93
4788,Lamp 151,books,128.41
4789,Chair 573,books,63.25
4790,Backpack 208,toys,246.61
4791,Backpack 549,books,401.53
4792,Notebook 384,electronics,475.78
4793,Notebook 185,electronics,179.15
4794,Notebook 943,books,220.37
4795,Speaker 450,garden,273.15
4796,Notebook 252,home,274.81
4797,Lamp 935,books,350.91
4798,Chair 831,home,251.29
4799,Chair 217,home,317.36
4800,Speaker 391,toys,387.14
4801,Speaker 691,electronics,225.47
4802,Speaker 241,garden,184.97
4803,Speaker 120,toys,193.92
4804,Kettle 970,home,64.76
4805,Backpack 573,books,290.60
4806,Backpack 648,toys,235.33
4807,Speaker 256,toys,86.77
4808,Lamp 565,toys,261.34
4809,Notebook 108,home,170.09
4810,Lamp 929,garden,217.13
4811,Kettle 223,garden,16.30
4812,Chair 868,electronics,356.60
4813,Lamp 644,toys,431.66
4814,Backpack 960,sports,447.26
4815,Notebook 979,electronics,378.78
4816,Notebook 548,electronics,57.16
4817,Chair 488,electronics,235.62
4818,Kettle 704,toys,184.08
4819,Notebook 747,electronics,237.79
4820,Lamp 381,sports,472.61
4821,Backpack 884,sports,206.83
4822,Speaker 121,garden,30.90
4823,Kettle 143,books,148.61
4824,Kettle 439,books,144.40
4825,Chair 907,home,291.25
4826,Backpack 383,electronics,493.35
4827,Chair 851,books,176.33
4828,Kettle 582,electronics,40.50
4829,Kettle 796,garden,267.23
4830,Lamp 403,books,270.06
4831,Chair 163,books,317.28
4832,Lamp 692,sports,286.42
4833,Kettle 177,sports,349.81
4834,Notebook 608,home,54.62
4835,Backpack 982,home,98.82
4836,Lamp 590,electronics,70.80
4837,Chair 974,garden,322.96
4838,Speaker 858,books,171.97
4839,Speaker 905,sports,125.96
4840,Speaker 599,home,26.02
4841,Chair 311,sports,339.43
4842,Kettle 522,toys,305.06
4843,Backpack 226,books,69.09
4844,Speaker 527,garden,358.34
4845,Backpack 140,electronics,25.59
4846,Lamp 205,books,104.54
4847,Kettle 866,electronics,408.74
4848,Kettle 396,books,229.71
4849,Chair 831,books,434.09
4850,Backpack 271,toys,330.73
4851,Speaker 652,garden,276.81
4852,Notebook 994,sports,451.13
4853,Speaker 543,electronics,213.26
4854,Lamp 852,garden,459.43
4855,Chair 778,garden,354.37
4856,Chair 550,books,413.20
4857,Lamp 341,electronics,473.64
4858,Kettle 483,books,405.22
4859,Speaker 352,sports,347.07
4860,Notebook 476,home,92.52
4861,Chair 599,sports,369.17
4862,Speaker 940,electronics,46.64
4863,Kettle 541,electronics,362.29
4864,Backpack 911,electronics,140.35
4865,Speaker 703,books,154.09
4866,Backpack 578,books,251.61
4867,Notebook 825,sports,406.91
4868,Lamp 532,garden,86.75
4869,Backpack 486,sports,213.30
4870,Kettle 778,home,382.41
4871,Kettle 325,books,280.40
4872,Backpack 308,books,435.16
4873,Chair 172,electronics,177.62
4874,Chair 656,books,420.01
4875,Notebook 216,electronics,410.29
4876,Lamp 988,sports,283.70
4877,Chair 437,electronics,390.89
4878,Speaker 801,garden,293.34
4879,Notebook 123,electronics,435.76
4880,Notebook 854,toys,328.71
4881,Lamp 575,electronics,163.00
4882,Notebook 734,sports,68.42
4883,Lamp 574,garden,187.73
4884,Speaker 883,garden,368.11
4885,Lamp 363,electronics,392.65
4886,Kettle 231,books,100.30
4887,Notebook 486,electronics,69.04
4888,Speaker 297,home,226.02
4889,Notebook 476,home,199.87
4890,Backpack 826,sports,341.10
4891,Notebook 879,garden,217.46
4892,Kettle 506,toys,486.23
4893,Speaker 690,electronics,293.67
4894,Kettle 906,home,347.86
4895,Notebook 190,home,372.66
4896,Lamp 479,sports,268.18
4897,Speaker 539,home,108.82
4898,Lamp 722,garden,497.44
4899,Chair 878,garden,401.84
4900,Chair 812,home,70.97
4901,Chair 925,home,234.72
4902,Chair 962,sports,479.46
4903,Chair 402,electronics,50.71
4904,Backpack 409,toys,488.52
4905,Chair 339,toys,397.53
4906,Kettle 697,toys,89.76
4907,Lamp 219,sports,89.89
4908,Chair 606,toys,277.43
4909,Kettle 254,books,323.09
4910,Chair 231,sports,433.31
4911,Speaker 199,electronics,32.86
4912,Speaker 205,electronics,254.81
4913,Notebook 834,home,414.20
4914,Kettle 715,books,379.09
4915,Speaker 729,electronics,65.65
4916,Kettle 220,electronics,213.37
4917,Kettle 291,electronics,421.98
4918,Notebook 979,electronics,463.69
4919,Lamp 160,garden,233.51
4920,Chair 616,home,365.97
4921,Lamp 298,sports,426.81
4922,Kettle 443,sports,82.36
4923,Backpack 496,garden,87.15
4924,Lamp 662,home,480.51
4925,Backpack 355,garden,51.63
4926,Lamp 997,garden,362.37
4927,Kettle 794,books,52.27
4928,Backpack 364,garden,356.40
4929,Speaker 267,toys,197.15
4930,Chair 942,sports,306.67
4931,Notebook 246,books,281.00
4932,Notebook 229,toys,11.43
4933,Speaker 566,toys,344.11
4934,Speaker 604,home,173.46
4935,Chair 241,books,397.34
4936,Kettle 869,home,429.53
4937,Chair 730,toys,3.56
4938,Speaker 566,sports,11.60
4939,Speaker 608,sports,373.48
4940,Kettle 478,home,230.39
4941,Notebook 528,electronics,12.37
4942,Chair 975,sports,230.14
4943,Backpack 128,garden,131.48
4944,Lamp 804,books,479.45
4945,Chair 243,toys,443.01
4946,Kettle 957,books,97.85
4947,Backpack 762,home,397.82
4948,Lamp 982,books,297.94
4949,Kettle 176,books,302.82
4950,Chair 945,garden,48.14
4951,Backpack 322,sports,280.00
4952,Lamp 906,garden,29.06
4953,Chair 890,electronics,188.91
4954,Lamp 140,sports,330.36
4955,Backpack 784,sports,137.65
4956,Speaker 131,home,277.02
4957,Notebook 374,toys,378.08
4958,Notebook 145,toys,145.55
4959,Speaker 762,electronics,406.39
4960,Backpack 880,garden,88.14
4961,Kettle 573,garden,328.88
4962,Chair 296,sports,370.76
4963,Speaker 614,toys,14.78
4964,Backpack 316,toys,321.47
4965,Speaker 568,toys,82.12
4966,Notebook 592,garden,282.86
4967,Chair 348,toys,93.71
4968,Speaker 407,books,383.61
4969,Chair 548,electronics,418.36
4970,Kettle 170,sports,448.91
4971,Speaker 292,books,380.87
4972,Kettle 311,garden,262.67
4973,Lamp 425,books,300.07
4974,Speaker 112,garden,62.06
4975,Lamp 292,books,144.10
4976,Notebook 327,electronics,352.16
4977,Backpack 184,books,242.56
4978,Lamp 581,garden,352.23
4979,Backpack 417,garden,286.11
4980,Backpack 273,books,141.46
4981,Lamp 736,home,457.70
4982,Lamp 752,toys,108.75
4983,Backpack 337,toys,84.48
4984,Kettle 751,garden,1.64
4985,Chair 231,garden,353.34
4986,Lamp 724,sports,108.97
4987,Lamp 450,electronics,229.79
4988,Chair 548,books,132.13
4989,Kettle 217,books,248.46
4990,Notebook 328,electronics,425.47
4991,Backpack 164,garden,465.73
4992,Backpack 639,sports,142.08
4993,Backpack 956,books,327.89
4994,Speaker 569,books,142.25
4995,Chair 685,home,97.27
4996,Notebook 359,electronics,35.33
4997,Backpack 224,home,258.59
4998,Kettle 313,garden,448.20
4999,Kettle 599,electronics,487.53
5000,Notebook 636,sports,111.15
